Run,Pe,FER
1,0.2,0.0
1,0.225,0.0
1,0.25,0.0283203125
1,0.275,0.701171875
1,0.3,0.888671875
2,0.2,0.0
2,0.225,0.0009765625
2,0.25,0.01171875
2,0.275,0.71875
2,0.3,0.8798828125
3,0.2,0.0
3,0.225,0.00390625
3,0.25,0.01171875
3,0.275,0.673828125
3,0.3,0.8642578125
4,0.2,0.0
4,0.225,0.0029296875
4,0.25,0.0
4,0.275,0.6650390625
4,0.3,0.859375
5,0.2,0.0
5,0.225,0.0
5,0.25,0.0
5,0.275,0.7080078125
5,0.3,0.853515625
6,0.2,0.0
6,0.225,0.0
6,0.25,0.00390625
6,0.275,0.7294921875
6,0.3,0.861328125
7,0.2,0.0
7,0.225,0.0
7,0.25,0.0087890625
7,0.275,0.6962890625
7,0.3,0.87109375
8,0.2,0.0
8,0.225,0.0009765625
8,0.25,0.0126953125
8,0.275,0.71484375
8,0.3,0.875
9,0.2,0.0
9,0.225,0.001953125
9,0.25,0.0107421875
9,0.275,0.744140625
9,0.3,0.853515625
10,0.2,0.0
10,0.225,0.0
10,0.25,0.0166015625
10,0.275,0.71875
10,0.3,0.857421875
11,0.2,0.001953125
11,0.225,0.0
11,0.25,0.0302734375
11,0.275,0.6923828125
11,0.3,0.8671875
12,0.2,0.0
12,0.225,0.0
12,0.25,0.0283203125
12,0.275,0.677734375
12,0.3,0.8701171875
13,0.2,0.0
13,0.225,0.0009765625
13,0.25,0.01171875
13,0.275,0.703125
13,0.3,0.8564453125
14,0.2,0.0
14,0.225,0.0
14,0.25,0.0400390625
14,0.275,0.6767578125
14,0.3,0.876953125
15,0.2,0.0
15,0.225,0.0
15,0.25,0.0146484375
15,0.275,0.7001953125
15,0.3,0.8818359375
16,0.2,0.0
16,0.225,0.0
16,0.25,0.0
16,0.275,0.7451171875
16,0.3,0.865234375
17,0.2,0.0
17,0.225,0.0
17,0.25,0.0263671875
17,0.275,0.7216796875
17,0.3,0.875
18,0.2,0.0
18,0.225,0.001953125
18,0.25,0.0244140625
18,0.275,0.7109375
18,0.3,0.88671875
19,0.2,0.0
19,0.225,0.0
19,0.25,0.0224609375
19,0.275,0.640625
19,0.3,0.869140625
20,0.2,0.0
20,0.225,0.0048828125
20,0.25,0.0068359375
20,0.275,0.642578125
20,0.3,0.8662109375
21,0.2,0.0
21,0.225,0.0
21,0.25,0.0146484375
21,0.275,0.677734375
21,0.3,0.884765625
22,0.2,0.0
22,0.225,0.0
22,0.25,0.03125
22,0.275,0.6884765625
22,0.3,0.8974609375
23,0.2,0.0
23,0.225,0.0
23,0.25,0.0146484375
23,0.275,0.7138671875
23,0.3,0.859375
24,0.2,0.0
24,0.225,0.0
24,0.25,0.0078125
24,0.275,0.73828125
24,0.3,0.8759765625
25,0.2,0.0
25,0.225,0.0009765625
25,0.25,0.013671875
25,0.275,0.6806640625
25,0.3,0.861328125
26,0.2,0.0
26,0.225,0.0
26,0.25,0.0205078125
26,0.275,0.6806640625
26,0.3,0.86328125
27,0.2,0.001953125
27,0.225,0.0
27,0.25,0.009765625
27,0.275,0.62890625
27,0.3,0.875
28,0.2,0.0
28,0.225,0.001953125
28,0.25,0.048828125
28,0.275,0.68359375
28,0.3,0.8525390625
29,0.2,0.0
29,0.225,0.0
29,0.25,0.046875
29,0.275,0.7197265625
29,0.3,0.87109375
30,0.2,0.0
30,0.225,0.0009765625
30,0.25,0.015625
30,0.275,0.6533203125
30,0.3,0.857421875
31,0.2,0.001953125
31,0.225,0.0
31,0.25,0.0078125
31,0.275,0.6728515625
31,0.3,0.876953125
32,0.2,0.0
32,0.225,0.0
32,0.25,0.0
32,0.275,0.642578125
32,0.3,0.873046875
33,0.2,0.0
33,0.225,0.001953125
33,0.25,0.0185546875
33,0.275,0.673828125
33,0.3,0.87109375
34,0.2,0.0
34,0.225,0.0
34,0.25,0.0078125
34,0.275,0.7216796875
34,0.3,0.873046875
35,0.2,0.0
35,0.225,0.0
35,0.25,0.0244140625
35,0.275,0.72265625
35,0.3,0.8623046875
36,0.2,0.0
36,0.225,0.0
36,0.25,0.0068359375
36,0.275,0.751953125
36,0.3,0.859375
37,0.2,0.0
37,0.225,0.0
37,0.25,0.0068359375
37,0.275,0.689453125
37,0.3,0.8662109375
38,0.2,0.0
38,0.225,0.0
38,0.25,0.0361328125
38,0.275,0.6806640625
38,0.3,0.8544921875
39,0.2,0.0
39,0.225,0.0
39,0.25,0.0
39,0.275,0.7236328125
39,0.3,0.8798828125
40,0.2,0.0
40,0.225,0.00390625
40,0.25,0.0517578125
40,0.275,0.65625
40,0.3,0.8828125
41,0.2,0.0
41,0.225,0.0
41,0.25,0.01953125
41,0.275,0.7646484375
41,0.3,0.876953125
42,0.2,0.0
42,0.225,0.0
42,0.25,0.0
42,0.275,0.7626953125
42,0.3,0.869140625
43,0.2,0.0
43,0.225,0.00390625
43,0.25,0.0087890625
43,0.275,0.7099609375
43,0.3,0.859375
44,0.2,0.0
44,0.225,0.0
44,0.25,0.00390625
44,0.275,0.68359375
44,0.3,0.8447265625
45,0.2,0.0
45,0.225,0.0
45,0.25,0.0224609375
45,0.275,0.642578125
45,0.3,0.8828125
46,0.2,0.0
46,0.225,0.0009765625
46,0.25,0.0625
46,0.275,0.7109375
46,0.3,0.8759765625
47,0.2,0.0
47,0.225,0.0009765625
47,0.25,0.017578125
47,0.275,0.7158203125
47,0.3,0.86328125
48,0.2,0.0
48,0.225,0.0
48,0.25,0.015625
48,0.275,0.6943359375
48,0.3,0.8701171875
49,0.2,0.0
49,0.225,0.001953125
49,0.25,0.015625
49,0.275,0.7373046875
49,0.3,0.8681640625
50,0.2,0.0
50,0.225,0.0
50,0.25,0.0146484375
50,0.275,0.7109375
50,0.3,0.8740234375
51,0.2,0.0
51,0.225,0.0
51,0.25,0.0126953125
51,0.275,0.67578125
51,0.3,0.8525390625
52,0.2,0.0
52,0.225,0.0
52,0.25,0.01953125
52,0.275,0.6904296875
52,0.3,0.84765625
53,0.2,0.0
53,0.225,0.0009765625
53,0.25,0.025390625
53,0.275,0.705078125
53,0.3,0.8779296875
54,0.2,0.0
54,0.225,0.0087890625
54,0.25,0.0087890625
54,0.275,0.66796875
54,0.3,0.869140625
55,0.2,0.0
55,0.225,0.0
55,0.25,0.017578125
55,0.275,0.6455078125
55,0.3,0.861328125
56,0.2,0.0
56,0.225,0.0
56,0.25,0.041015625
56,0.275,0.69140625
56,0.3,0.8701171875
57,0.2,0.001953125
57,0.225,0.0
57,0.25,0.044921875
57,0.275,0.6708984375
57,0.3,0.8740234375
58,0.2,0.0
58,0.225,0.0
58,0.25,0.0244140625
58,0.275,0.73046875
58,0.3,0.8935546875
59,0.2,0.0
59,0.225,0.005859375
59,0.25,0.0
59,0.275,0.669921875
59,0.3,0.8671875
60,0.2,0.0
60,0.225,0.0029296875
60,0.25,0.009765625
60,0.275,0.6708984375
60,0.3,0.8662109375
61,0.2,0.0
61,0.225,0.0
61,0.25,0.0
61,0.275,0.720703125
61,0.3,0.83203125
62,0.2,0.0
62,0.225,0.0
62,0.25,0.0244140625
62,0.275,0.6650390625
62,0.3,0.8671875
63,0.2,0.0
63,0.225,0.0
63,0.25,0.0205078125
63,0.275,0.6953125
63,0.3,0.8603515625
64,0.2,0.0
64,0.225,0.0
64,0.25,0.0263671875
64,0.275,0.7294921875
64,0.3,0.833984375
65,0.2,0.0
65,0.225,0.0
65,0.25,0.0146484375
65,0.275,0.673828125
65,0.3,0.8916015625
66,0.2,0.0
66,0.225,0.0009765625
66,0.25,0.0185546875
66,0.275,0.703125
66,0.3,0.875
67,0.2,0.0
67,0.225,0.0009765625
67,0.25,0.0126953125
67,0.275,0.6787109375
67,0.3,0.857421875
68,0.2,0.0
68,0.225,0.0
68,0.25,0.0
68,0.275,0.7509765625
68,0.3,0.8681640625
69,0.2,0.0
69,0.225,0.0009765625
69,0.25,0.025390625
69,0.275,0.69140625
69,0.3,0.8603515625
70,0.2,0.0
70,0.225,0.0048828125
70,0.25,0.0224609375
70,0.275,0.6474609375
70,0.3,0.8544921875
71,0.2,0.0
71,0.225,0.0009765625
71,0.25,0.005859375
71,0.275,0.708984375
71,0.3,0.8671875
72,0.2,0.0
72,0.225,0.0
72,0.25,0.021484375
72,0.275,0.7021484375
72,0.3,0.87890625
73,0.2,0.0
73,0.225,0.0
73,0.25,0.0078125
73,0.275,0.7021484375
73,0.3,0.8759765625
74,0.2,0.0
74,0.225,0.0
74,0.25,0.0234375
74,0.275,0.7314453125
74,0.3,0.8662109375
75,0.2,0.0
75,0.225,0.001953125
75,0.25,0.005859375
75,0.275,0.71875
75,0.3,0.861328125
76,0.2,0.0
76,0.225,0.0
76,0.25,0.02734375
76,0.275,0.7197265625
76,0.3,0.8388671875
77,0.2,0.0
77,0.225,0.0048828125
77,0.25,0.009765625
77,0.275,0.708984375
77,0.3,0.861328125
78,0.2,0.0
78,0.225,0.0
78,0.25,0.0263671875
78,0.275,0.71484375
78,0.3,0.8701171875
79,0.2,0.0
79,0.225,0.0
79,0.25,0.013671875
79,0.275,0.6953125
79,0.3,0.8779296875
80,0.2,0.0
80,0.225,0.001953125
80,0.25,0.0
80,0.275,0.6865234375
80,0.3,0.8544921875
81,0.2,0.0
81,0.225,0.0
81,0.25,0.015625
81,0.275,0.73046875
81,0.3,0.8515625
82,0.2,0.0
82,0.225,0.0048828125
82,0.25,0.01171875
82,0.275,0.66796875
82,0.3,0.8779296875
83,0.2,0.0
83,0.225,0.0
83,0.25,0.0068359375
83,0.275,0.705078125
83,0.3,0.8681640625
84,0.2,0.0
84,0.225,0.0048828125
84,0.25,0.0146484375
84,0.275,0.693359375
84,0.3,0.865234375
85,0.2,0.0
85,0.225,0.0
85,0.25,0.0
85,0.275,0.6884765625
85,0.3,0.880859375
86,0.2,0.0
86,0.225,0.0
86,0.25,0.0146484375
86,0.275,0.693359375
86,0.3,0.853515625
87,0.2,0.0009765625
87,0.225,0.0
87,0.25,0.0078125
87,0.275,0.705078125
87,0.3,0.8681640625
88,0.2,0.0
88,0.225,0.001953125
88,0.25,0.0380859375
88,0.275,0.7509765625
88,0.3,0.87109375
89,0.2,0.0
89,0.225,0.0
89,0.25,0.017578125
89,0.275,0.6591796875
89,0.3,0.8818359375
90,0.2,0.0
90,0.225,0.0048828125
90,0.25,0.0166015625
90,0.275,0.732421875
90,0.3,0.869140625
91,0.2,0.0
91,0.225,0.0
91,0.25,0.009765625
91,0.275,0.7255859375
91,0.3,0.8662109375
92,0.2,0.0
92,0.225,0.0
92,0.25,0.0166015625
92,0.275,0.7001953125
92,0.3,0.8701171875
93,0.2,0.0
93,0.225,0.0
93,0.25,0.0068359375
93,0.275,0.6953125
93,0.3,0.896484375
94,0.2,0.0
94,0.225,0.0
94,0.25,0.0126953125
94,0.275,0.623046875
94,0.3,0.853515625
95,0.2,0.0
95,0.225,0.00390625
95,0.25,0.013671875
95,0.275,0.6982421875
95,0.3,0.857421875
96,0.2,0.0029296875
96,0.225,0.0
96,0.25,0.021484375
96,0.275,0.6953125
96,0.3,0.8837890625
97,0.2,0.0
97,0.225,0.00390625
97,0.25,0.005859375
97,0.275,0.701171875
97,0.3,0.8818359375
98,0.2,0.0
98,0.225,0.0
98,0.25,0.0283203125
98,0.275,0.7216796875
98,0.3,0.892578125
99,0.2,0.0
99,0.225,0.0
99,0.25,0.0
99,0.275,0.63671875
99,0.3,0.873046875
100,0.2,0.0
100,0.225,0.0
100,0.25,0.0068359375
100,0.275,0.6728515625
100,0.3,0.86328125
101,0.2,0.0
101,0.225,0.0048828125
101,0.25,0.0126953125
101,0.275,0.71484375
101,0.3,0.873046875
102,0.2,0.0
102,0.225,0.0
102,0.25,0.03125
102,0.275,0.71875
102,0.3,0.85546875
103,0.2,0.0009765625
103,0.225,0.0
103,0.25,0.0048828125
103,0.275,0.693359375
103,0.3,0.85546875
104,0.2,0.0
104,0.225,0.0
104,0.25,0.0234375
104,0.275,0.6865234375
104,0.3,0.87890625
105,0.2,0.0
105,0.225,0.0
105,0.25,0.0078125
105,0.275,0.7265625
105,0.3,0.876953125
106,0.2,0.0
106,0.225,0.0
106,0.25,0.005859375
106,0.275,0.7197265625
106,0.3,0.8544921875
107,0.2,0.0
107,0.225,0.0
107,0.25,0.01953125
107,0.275,0.720703125
107,0.3,0.8642578125
108,0.2,0.0
108,0.225,0.0
108,0.25,0.0078125
108,0.275,0.6494140625
108,0.3,0.8681640625
109,0.2,0.0
109,0.225,0.001953125
109,0.25,0.0
109,0.275,0.6845703125
109,0.3,0.8779296875
110,0.2,0.0
110,0.225,0.0
110,0.25,0.01171875
110,0.275,0.654296875
110,0.3,0.8798828125
111,0.2,0.0029296875
111,0.225,0.0
111,0.25,0.01171875
111,0.275,0.7060546875
111,0.3,0.859375
112,0.2,0.0
112,0.225,0.001953125
112,0.25,0.017578125
112,0.275,0.677734375
112,0.3,0.8798828125
113,0.2,0.0009765625
113,0.225,0.001953125
113,0.25,0.0234375
113,0.275,0.6103515625
113,0.3,0.85546875
114,0.2,0.0
114,0.225,0.0009765625
114,0.25,0.0205078125
114,0.275,0.7021484375
114,0.3,0.869140625
115,0.2,0.0
115,0.225,0.00390625
115,0.25,0.015625
115,0.275,0.7197265625
115,0.3,0.8798828125
116,0.2,0.0
116,0.225,0.0048828125
116,0.25,0.025390625
116,0.275,0.6806640625
116,0.3,0.8828125
117,0.2,0.0
117,0.225,0.0
117,0.25,0.0068359375
117,0.275,0.65234375
117,0.3,0.8662109375
118,0.2,0.001953125
118,0.225,0.0
118,0.25,0.0390625
118,0.275,0.6669921875
118,0.3,0.890625
119,0.2,0.0
119,0.225,0.0029296875
119,0.25,0.0048828125
119,0.275,0.6875
119,0.3,0.8720703125
120,0.2,0.0
120,0.225,0.0
120,0.25,0.0224609375
120,0.275,0.703125
120,0.3,0.8759765625
121,0.2,0.0
121,0.225,0.0
121,0.25,0.0
121,0.275,0.73828125
121,0.3,0.8681640625
122,0.2,0.0
122,0.225,0.0029296875
122,0.25,0.0634765625
122,0.275,0.7021484375
122,0.3,0.8828125
123,0.2,0.0
123,0.225,0.0
123,0.25,0.0
123,0.275,0.697265625
123,0.3,0.8759765625
124,0.2,0.0
124,0.225,0.0
124,0.25,0.01171875
124,0.275,0.7392578125
124,0.3,0.873046875
125,0.2,0.0
125,0.225,0.0
125,0.25,0.0
125,0.275,0.6953125
125,0.3,0.8818359375
126,0.2,0.001953125
126,0.225,0.0
126,0.25,0.0087890625
126,0.275,0.7236328125
126,0.3,0.8671875
127,0.2,0.0
127,0.225,0.0
127,0.25,0.0234375
127,0.275,0.650390625
127,0.3,0.86328125
128,0.2,0.0
128,0.225,0.001953125
128,0.25,0.0087890625
128,0.275,0.6953125
128,0.3,0.853515625
129,0.2,0.0
129,0.225,0.001953125
129,0.25,0.0224609375
129,0.275,0.671875
129,0.3,0.87890625
130,0.2,0.0
130,0.225,0.0
130,0.25,0.0263671875
130,0.275,0.7255859375
130,0.3,0.865234375
131,0.2,0.0
131,0.225,0.0009765625
131,0.25,0.0
131,0.275,0.7412109375
131,0.3,0.8837890625
132,0.2,0.0
132,0.225,0.0
132,0.25,0.025390625
132,0.275,0.7138671875
132,0.3,0.880859375
133,0.2,0.0029296875
133,0.225,0.0
133,0.25,0.01171875
133,0.275,0.6845703125
133,0.3,0.865234375
134,0.2,0.0
134,0.225,0.0
134,0.25,0.0439453125
134,0.275,0.65625
134,0.3,0.8720703125
135,0.2,0.0
135,0.225,0.0009765625
135,0.25,0.025390625
135,0.275,0.689453125
135,0.3,0.865234375
136,0.2,0.0
136,0.225,0.0
136,0.25,0.0263671875
136,0.275,0.6806640625
136,0.3,0.8779296875
137,0.2,0.0
137,0.225,0.001953125
137,0.25,0.0068359375
137,0.275,0.7060546875
137,0.3,0.8955078125
138,0.2,0.0
138,0.225,0.0
138,0.25,0.0078125
138,0.275,0.7333984375
138,0.3,0.8583984375
139,0.2,0.0
139,0.225,0.0
139,0.25,0.0068359375
139,0.275,0.7177734375
139,0.3,0.884765625
140,0.2,0.0
140,0.225,0.0
140,0.25,0.0458984375
140,0.275,0.654296875
140,0.3,0.8427734375
141,0.2,0.0
141,0.225,0.001953125
141,0.25,0.0126953125
141,0.275,0.63671875
141,0.3,0.853515625
142,0.2,0.0
142,0.225,0.005859375
142,0.25,0.02734375
142,0.275,0.6943359375
142,0.3,0.8583984375
143,0.2,0.0
143,0.225,0.0
143,0.25,0.01953125
143,0.275,0.732421875
143,0.3,0.8671875
144,0.2,0.0
144,0.225,0.0009765625
144,0.25,0.0
144,0.275,0.6474609375
144,0.3,0.875
145,0.2,0.0
145,0.225,0.0
145,0.25,0.0048828125
145,0.275,0.6962890625
145,0.3,0.8515625
146,0.2,0.0
146,0.225,0.0029296875
146,0.25,0.0
146,0.275,0.6923828125
146,0.3,0.8740234375
147,0.2,0.0
147,0.225,0.0
147,0.25,0.009765625
147,0.275,0.69921875
147,0.3,0.85546875
148,0.2,0.0029296875
148,0.225,0.0
148,0.25,0.0244140625
148,0.275,0.62109375
148,0.3,0.849609375
149,0.2,0.0
149,0.225,0.0
149,0.25,0.021484375
149,0.275,0.732421875
149,0.3,0.88671875
150,0.2,0.0
150,0.225,0.0
150,0.25,0.0517578125
150,0.275,0.7216796875
150,0.3,0.869140625
151,0.2,0.0
151,0.225,0.0
151,0.25,0.0224609375
151,0.275,0.6923828125
151,0.3,0.873046875
152,0.2,0.0
152,0.225,0.0
152,0.25,0.0234375
152,0.275,0.705078125
152,0.3,0.853515625
153,0.2,0.0
153,0.225,0.001953125
153,0.25,0.0380859375
153,0.275,0.5791015625
153,0.3,0.857421875
154,0.2,0.0
154,0.225,0.0
154,0.25,0.013671875
154,0.275,0.6171875
154,0.3,0.880859375
155,0.2,0.0009765625
155,0.225,0.001953125
155,0.25,0.0546875
155,0.275,0.75390625
155,0.3,0.87109375
156,0.2,0.0
156,0.225,0.0
156,0.25,0.021484375
156,0.275,0.6474609375
156,0.3,0.876953125
157,0.2,0.0
157,0.225,0.0
157,0.25,0.0126953125
157,0.275,0.6884765625
157,0.3,0.875
158,0.2,0.0
158,0.225,0.0
158,0.25,0.0078125
158,0.275,0.7255859375
158,0.3,0.861328125
159,0.2,0.0
159,0.225,0.0029296875
159,0.25,0.0400390625
159,0.275,0.6640625
159,0.3,0.876953125
160,0.2,0.0
160,0.225,0.0
160,0.25,0.0146484375
160,0.275,0.6533203125
160,0.3,0.8779296875
161,0.2,0.0
161,0.225,0.0078125
161,0.25,0.005859375
161,0.275,0.697265625
161,0.3,0.8408203125
162,0.2,0.0
162,0.225,0.009765625
162,0.25,0.0166015625
162,0.275,0.6904296875
162,0.3,0.865234375
163,0.2,0.0
163,0.225,0.0048828125
163,0.25,0.0029296875
163,0.275,0.705078125
163,0.3,0.8701171875
164,0.2,0.0
164,0.225,0.001953125
164,0.25,0.009765625
164,0.275,0.6728515625
164,0.3,0.8818359375
165,0.2,0.0
165,0.225,0.0
165,0.25,0.005859375
165,0.275,0.6865234375
165,0.3,0.876953125
166,0.2,0.0
166,0.225,0.0
166,0.25,0.0126953125
166,0.275,0.6923828125
166,0.3,0.87109375
167,0.2,0.0
167,0.225,0.0
167,0.25,0.0224609375
167,0.275,0.7236328125
167,0.3,0.8759765625
168,0.2,0.0
168,0.225,0.0
168,0.25,0.00390625
168,0.275,0.7060546875
168,0.3,0.8876953125
169,0.2,0.0
169,0.225,0.0
169,0.25,0.013671875
169,0.275,0.662109375
169,0.3,0.8681640625
170,0.2,0.0
170,0.225,0.0
170,0.25,0.0126953125
170,0.275,0.697265625
170,0.3,0.859375
171,0.2,0.0
171,0.225,0.0048828125
171,0.25,0.0146484375
171,0.275,0.7177734375
171,0.3,0.876953125
172,0.2,0.0
172,0.225,0.0
172,0.25,0.029296875
172,0.275,0.67578125
172,0.3,0.873046875
173,0.2,0.0009765625
173,0.225,0.0009765625
173,0.25,0.03125
173,0.275,0.69140625
173,0.3,0.875
174,0.2,0.0
174,0.225,0.0
174,0.25,0.0048828125
174,0.275,0.7021484375
174,0.3,0.8505859375
175,0.2,0.0029296875
175,0.225,0.0009765625
175,0.25,0.0
175,0.275,0.6767578125
175,0.3,0.8623046875
176,0.2,0.0
176,0.225,0.0
176,0.25,0.0048828125
176,0.275,0.6591796875
176,0.3,0.861328125
177,0.2,0.0
177,0.225,0.0009765625
177,0.25,0.0068359375
177,0.275,0.6806640625
177,0.3,0.859375
178,0.2,0.0
178,0.225,0.0087890625
178,0.25,0.0107421875
178,0.275,0.740234375
178,0.3,0.8798828125
179,0.2,0.0
179,0.225,0.0
179,0.25,0.0
179,0.275,0.7041015625
179,0.3,0.8564453125
180,0.2,0.0
180,0.225,0.0
180,0.25,0.046875
180,0.275,0.66796875
180,0.3,0.8544921875
181,0.2,0.0
181,0.225,0.0
181,0.25,0.0078125
181,0.275,0.658203125
181,0.3,0.884765625
182,0.2,0.00390625
182,0.225,0.001953125
182,0.25,0.0361328125
182,0.275,0.685546875
182,0.3,0.869140625
183,0.2,0.0
183,0.225,0.0
183,0.25,0.03125
183,0.275,0.681640625
183,0.3,0.8642578125
184,0.2,0.0
184,0.225,0.0
184,0.25,0.0
184,0.275,0.662109375
184,0.3,0.8759765625
185,0.2,0.0
185,0.225,0.001953125
185,0.25,0.033203125
185,0.275,0.716796875
185,0.3,0.8740234375
186,0.2,0.0
186,0.225,0.001953125
186,0.25,0.0166015625
186,0.275,0.7001953125
186,0.3,0.857421875
187,0.2,0.0
187,0.225,0.0
187,0.25,0.0
187,0.275,0.7158203125
187,0.3,0.8701171875
188,0.2,0.0
188,0.225,0.0
188,0.25,0.0166015625
188,0.275,0.685546875
188,0.3,0.87109375
189,0.2,0.001953125
189,0.225,0.00390625
189,0.25,0.03125
189,0.275,0.7490234375
189,0.3,0.8623046875
190,0.2,0.0
190,0.225,0.001953125
190,0.25,0.029296875
190,0.275,0.71484375
190,0.3,0.8779296875
191,0.2,0.0
191,0.225,0.0
191,0.25,0.0146484375
191,0.275,0.671875
191,0.3,0.85546875
192,0.2,0.0
192,0.225,0.0
192,0.25,0.0224609375
192,0.275,0.6865234375
192,0.3,0.861328125
193,0.2,0.0
193,0.225,0.0
193,0.25,0.0068359375
193,0.275,0.740234375
193,0.3,0.8583984375
194,0.2,0.0
194,0.225,0.0
194,0.25,0.01953125
194,0.275,0.72265625
194,0.3,0.86328125
195,0.2,0.0009765625
195,0.225,0.001953125
195,0.25,0.015625
195,0.275,0.673828125
195,0.3,0.86328125
196,0.2,0.0
196,0.225,0.0048828125
196,0.25,0.01953125
196,0.275,0.6953125
196,0.3,0.884765625
197,0.2,0.0
197,0.225,0.001953125
197,0.25,0.001953125
197,0.275,0.7060546875
197,0.3,0.8544921875
198,0.2,0.001953125
198,0.225,0.0
198,0.25,0.0068359375
198,0.275,0.66015625
198,0.3,0.8505859375
199,0.2,0.0
199,0.225,0.0
199,0.25,0.0
199,0.275,0.701171875
199,0.3,0.892578125
200,0.2,0.0
200,0.225,0.0
200,0.25,0.01171875
200,0.275,0.7099609375
200,0.3,0.8798828125
201,0.2,0.0029296875
201,0.225,0.0
201,0.25,0.017578125
201,0.275,0.71484375
201,0.3,0.8720703125
202,0.2,0.0009765625
202,0.225,0.0
202,0.25,0.0
202,0.275,0.751953125
202,0.3,0.8701171875
203,0.2,0.0
203,0.225,0.0
203,0.25,0.0029296875
203,0.275,0.7265625
203,0.3,0.8505859375
204,0.2,0.0
204,0.225,0.0029296875
204,0.25,0.0390625
204,0.275,0.7255859375
204,0.3,0.8544921875
205,0.2,0.0
205,0.225,0.0
205,0.25,0.0048828125
205,0.275,0.634765625
205,0.3,0.904296875
206,0.2,0.0
206,0.225,0.0
206,0.25,0.001953125
206,0.275,0.7236328125
206,0.3,0.8623046875
207,0.2,0.0
207,0.225,0.0078125
207,0.25,0.013671875
207,0.275,0.70703125
207,0.3,0.8583984375
208,0.2,0.0
208,0.225,0.0
208,0.25,0.001953125
208,0.275,0.7041015625
208,0.3,0.875
209,0.2,0.0
209,0.225,0.0
209,0.25,0.0234375
209,0.275,0.693359375
209,0.3,0.859375
210,0.2,0.0
210,0.225,0.0
210,0.25,0.013671875
210,0.275,0.673828125
210,0.3,0.869140625
211,0.2,0.0
211,0.225,0.001953125
211,0.25,0.0
211,0.275,0.6611328125
211,0.3,0.876953125
212,0.2,0.0
212,0.225,0.001953125
212,0.25,0.01953125
212,0.275,0.658203125
212,0.3,0.8662109375
213,0.2,0.0
213,0.225,0.0
213,0.25,0.021484375
213,0.275,0.7060546875
213,0.3,0.8671875
214,0.2,0.0
214,0.225,0.0
214,0.25,0.01953125
214,0.275,0.669921875
214,0.3,0.8662109375
215,0.2,0.0
215,0.225,0.0
215,0.25,0.015625
215,0.275,0.6513671875
215,0.3,0.853515625
216,0.2,0.0
216,0.225,0.0009765625
216,0.25,0.017578125
216,0.275,0.69921875
216,0.3,0.8681640625
217,0.2,0.0
217,0.225,0.0
217,0.25,0.00390625
217,0.275,0.6748046875
217,0.3,0.8701171875
218,0.2,0.00390625
218,0.225,0.0
218,0.25,0.00390625
218,0.275,0.6923828125
218,0.3,0.8759765625
219,0.2,0.0
219,0.225,0.00390625
219,0.25,0.013671875
219,0.275,0.732421875
219,0.3,0.861328125
220,0.2,0.0
220,0.225,0.0
220,0.25,0.01171875
220,0.275,0.7138671875
220,0.3,0.892578125
221,0.2,0.0
221,0.225,0.0
221,0.25,0.0048828125
221,0.275,0.658203125
221,0.3,0.8642578125
222,0.2,0.0
222,0.225,0.0
222,0.25,0.0224609375
222,0.275,0.6611328125
222,0.3,0.87109375
223,0.2,0.0
223,0.225,0.0
223,0.25,0.0068359375
223,0.275,0.7021484375
223,0.3,0.8857421875
224,0.2,0.0009765625
224,0.225,0.001953125
224,0.25,0.021484375
224,0.275,0.7099609375
224,0.3,0.8505859375
225,0.2,0.0
225,0.225,0.0
225,0.25,0.00390625
225,0.275,0.697265625
225,0.3,0.873046875
226,0.2,0.0
226,0.225,0.0009765625
226,0.25,0.009765625
226,0.275,0.646484375
226,0.3,0.8671875
227,0.2,0.0
227,0.225,0.001953125
227,0.25,0.033203125
227,0.275,0.68359375
227,0.3,0.86328125
228,0.2,0.0
228,0.225,0.0
228,0.25,0.0068359375
228,0.275,0.6845703125
228,0.3,0.87109375
229,0.2,0.0
229,0.225,0.0
229,0.25,0.0126953125
229,0.275,0.6875
229,0.3,0.857421875
230,0.2,0.0
230,0.225,0.0048828125
230,0.25,0.0087890625
230,0.275,0.7392578125
230,0.3,0.8603515625
231,0.2,0.0
231,0.225,0.0
231,0.25,0.00390625
231,0.275,0.6982421875
231,0.3,0.875
232,0.2,0.0
232,0.225,0.0
232,0.25,0.0185546875
232,0.275,0.7509765625
232,0.3,0.853515625
233,0.2,0.0
233,0.225,0.001953125
233,0.25,0.0087890625
233,0.275,0.69921875
233,0.3,0.861328125
234,0.2,0.0
234,0.225,0.0
234,0.25,0.0224609375
234,0.275,0.7158203125
234,0.3,0.865234375
235,0.2,0.0
235,0.225,0.001953125
235,0.25,0.0234375
235,0.275,0.71484375
235,0.3,0.8564453125
236,0.2,0.001953125
236,0.225,0.0
236,0.25,0.0263671875
236,0.275,0.6552734375
236,0.3,0.857421875
237,0.2,0.0029296875
237,0.225,0.0
237,0.25,0.0322265625
237,0.275,0.681640625
237,0.3,0.853515625
238,0.2,0.0
238,0.225,0.0
238,0.25,0.0693359375
238,0.275,0.65625
238,0.3,0.875
239,0.2,0.0
239,0.225,0.0
239,0.25,0.01171875
239,0.275,0.66796875
239,0.3,0.8544921875
240,0.2,0.0
240,0.225,0.0
240,0.25,0.00390625
240,0.275,0.7216796875
240,0.3,0.8681640625
241,0.2,0.0
241,0.225,0.01171875
241,0.25,0.00390625
241,0.275,0.6875
241,0.3,0.8828125
242,0.2,0.0
242,0.225,0.0
242,0.25,0.0283203125
242,0.275,0.6884765625
242,0.3,0.865234375
243,0.2,0.0
243,0.225,0.0048828125
243,0.25,0.001953125
243,0.275,0.72265625
243,0.3,0.8818359375
244,0.2,0.0
244,0.225,0.0
244,0.25,0.00390625
244,0.275,0.6494140625
244,0.3,0.865234375
245,0.2,0.0
245,0.225,0.0
245,0.25,0.01953125
245,0.275,0.705078125
245,0.3,0.884765625
246,0.2,0.0
246,0.225,0.0
246,0.25,0.0166015625
246,0.275,0.732421875
246,0.3,0.8759765625
247,0.2,0.0
247,0.225,0.0
247,0.25,0.0185546875
247,0.275,0.666015625
247,0.3,0.869140625
248,0.2,0.0
248,0.225,0.0
248,0.25,0.0029296875
248,0.275,0.7060546875
248,0.3,0.8779296875
249,0.2,0.001953125
249,0.225,0.00390625
249,0.25,0.013671875
249,0.275,0.7109375
249,0.3,0.8701171875
250,0.2,0.0
250,0.225,0.0
250,0.25,0.025390625
250,0.275,0.677734375
250,0.3,0.884765625
251,0.2,0.0
251,0.225,0.0068359375
251,0.25,0.0283203125
251,0.275,0.720703125
251,0.3,0.8662109375
252,0.2,0.0009765625
252,0.225,0.0
252,0.25,0.0205078125
252,0.275,0.6787109375
252,0.3,0.8701171875
253,0.2,0.0
253,0.225,0.0
253,0.25,0.0
253,0.275,0.6767578125
253,0.3,0.875
254,0.2,0.0
254,0.225,0.0
254,0.25,0.0
254,0.275,0.7109375
254,0.3,0.859375
255,0.2,0.0
255,0.225,0.00390625
255,0.25,0.009765625
255,0.275,0.673828125
255,0.3,0.8623046875
256,0.2,0.0
256,0.225,0.0009765625
256,0.25,0.0
256,0.275,0.748046875
256,0.3,0.865234375
257,0.2,0.0
257,0.225,0.0
257,0.25,0.021484375
257,0.275,0.693359375
257,0.3,0.8603515625
258,0.2,0.0
258,0.225,0.0
258,0.25,0.01953125
258,0.275,0.6533203125
258,0.3,0.884765625
259,0.2,0.0
259,0.225,0.0
259,0.25,0.0185546875
259,0.275,0.677734375
259,0.3,0.8681640625
260,0.2,0.0
260,0.225,0.0
260,0.25,0.0380859375
260,0.275,0.744140625
260,0.3,0.880859375
261,0.2,0.001953125
261,0.225,0.0
261,0.25,0.017578125
261,0.275,0.6923828125
261,0.3,0.8779296875
262,0.2,0.001953125
262,0.225,0.0
262,0.25,0.015625
262,0.275,0.6904296875
262,0.3,0.8818359375
263,0.2,0.0
263,0.225,0.0087890625
263,0.25,0.0048828125
263,0.275,0.716796875
263,0.3,0.8740234375
264,0.2,0.0
264,0.225,0.0029296875
264,0.25,0.01171875
264,0.275,0.734375
264,0.3,0.8642578125
265,0.2,0.0
265,0.225,0.0009765625
265,0.25,0.0
265,0.275,0.7109375
265,0.3,0.8720703125
266,0.2,0.0
266,0.225,0.0
266,0.25,0.0048828125
266,0.275,0.7158203125
266,0.3,0.8837890625
267,0.2,0.001953125
267,0.225,0.0
267,0.25,0.0244140625
267,0.275,0.716796875
267,0.3,0.876953125
268,0.2,0.0
268,0.225,0.0
268,0.25,0.0126953125
268,0.275,0.673828125
268,0.3,0.884765625
269,0.2,0.0
269,0.225,0.0
269,0.25,0.0166015625
269,0.275,0.638671875
269,0.3,0.845703125
270,0.2,0.0
270,0.225,0.001953125
270,0.25,0.005859375
270,0.275,0.7529296875
270,0.3,0.8828125
271,0.2,0.0
271,0.225,0.00390625
271,0.25,0.0
271,0.275,0.689453125
271,0.3,0.8701171875
272,0.2,0.001953125
272,0.225,0.0029296875
272,0.25,0.0283203125
272,0.275,0.689453125
272,0.3,0.853515625
273,0.2,0.0009765625
273,0.225,0.005859375
273,0.25,0.0078125
273,0.275,0.703125
273,0.3,0.865234375
274,0.2,0.0029296875
274,0.225,0.0
274,0.25,0.0263671875
274,0.275,0.7470703125
274,0.3,0.8671875
275,0.2,0.0
275,0.225,0.0
275,0.25,0.029296875
275,0.275,0.7041015625
275,0.3,0.8701171875
276,0.2,0.0
276,0.225,0.0
276,0.25,0.013671875
276,0.275,0.7099609375
276,0.3,0.876953125
277,0.2,0.0
277,0.225,0.0
277,0.25,0.0224609375
277,0.275,0.6484375
277,0.3,0.8330078125
278,0.2,0.0
278,0.225,0.0029296875
278,0.25,0.0224609375
278,0.275,0.705078125
278,0.3,0.8662109375
279,0.2,0.0
279,0.225,0.00390625
279,0.25,0.01953125
279,0.275,0.662109375
279,0.3,0.8828125
280,0.2,0.0
280,0.225,0.0029296875
280,0.25,0.0068359375
280,0.275,0.6943359375
280,0.3,0.8623046875
281,0.2,0.0
281,0.225,0.001953125
281,0.25,0.0263671875
281,0.275,0.7275390625
281,0.3,0.83203125
282,0.2,0.0
282,0.225,0.005859375
282,0.25,0.013671875
282,0.275,0.671875
282,0.3,0.859375
283,0.2,0.0
283,0.225,0.0
283,0.25,0.0107421875
283,0.275,0.6708984375
283,0.3,0.8505859375
284,0.2,0.0
284,0.225,0.0
284,0.25,0.0185546875
284,0.275,0.68359375
284,0.3,0.8671875
285,0.2,0.0
285,0.225,0.0068359375
285,0.25,0.01953125
285,0.275,0.732421875
285,0.3,0.869140625
286,0.2,0.0
286,0.225,0.0
286,0.25,0.0146484375
286,0.275,0.6748046875
286,0.3,0.865234375
287,0.2,0.0
287,0.225,0.0009765625
287,0.25,0.0
287,0.275,0.728515625
287,0.3,0.87890625
288,0.2,0.0
288,0.225,0.0048828125
288,0.25,0.0185546875
288,0.275,0.7587890625
288,0.3,0.853515625
289,0.2,0.0
289,0.225,0.00390625
289,0.25,0.0078125
289,0.275,0.7177734375
289,0.3,0.865234375
290,0.2,0.0
290,0.225,0.0
290,0.25,0.001953125
290,0.275,0.693359375
290,0.3,0.8701171875
291,0.2,0.0
291,0.225,0.001953125
291,0.25,0.0009765625
291,0.275,0.6630859375
291,0.3,0.8759765625
292,0.2,0.0
292,0.225,0.0009765625
292,0.25,0.015625
292,0.275,0.6015625
292,0.3,0.8720703125
293,0.2,0.0
293,0.225,0.0
293,0.25,0.015625
293,0.275,0.626953125
293,0.3,0.8662109375
294,0.2,0.0
294,0.225,0.0
294,0.25,0.025390625
294,0.275,0.708984375
294,0.3,0.876953125
295,0.2,0.0
295,0.225,0.0009765625
295,0.25,0.0263671875
295,0.275,0.6953125
295,0.3,0.8720703125
296,0.2,0.0
296,0.225,0.0009765625
296,0.25,0.0087890625
296,0.275,0.7353515625
296,0.3,0.8662109375
297,0.2,0.0
297,0.225,0.0
297,0.25,0.0078125
297,0.275,0.6845703125
297,0.3,0.87890625
298,0.2,0.0
298,0.225,0.001953125
298,0.25,0.0
298,0.275,0.70703125
298,0.3,0.8701171875
299,0.2,0.0
299,0.225,0.0
299,0.25,0.0048828125
299,0.275,0.69921875
299,0.3,0.8505859375
300,0.2,0.0
300,0.225,0.00390625
300,0.25,0.033203125
300,0.275,0.697265625
300,0.3,0.873046875
301,0.2,0.0
301,0.225,0.0
301,0.25,0.005859375
301,0.275,0.7255859375
301,0.3,0.8583984375
302,0.2,0.0
302,0.225,0.001953125
302,0.25,0.013671875
302,0.275,0.6953125
302,0.3,0.8779296875
303,0.2,0.0
303,0.225,0.0
303,0.25,0.0126953125
303,0.275,0.7236328125
303,0.3,0.8701171875
304,0.2,0.0
304,0.225,0.001953125
304,0.25,0.0107421875
304,0.275,0.732421875
304,0.3,0.8720703125
305,0.2,0.0
305,0.225,0.005859375
305,0.25,0.0
305,0.275,0.6083984375
305,0.3,0.8828125
306,0.2,0.0
306,0.225,0.0
306,0.25,0.0263671875
306,0.275,0.70703125
306,0.3,0.8798828125
307,0.2,0.0
307,0.225,0.0029296875
307,0.25,0.0087890625
307,0.275,0.677734375
307,0.3,0.8759765625
308,0.2,0.0
308,0.225,0.0
308,0.25,0.0068359375
308,0.275,0.685546875
308,0.3,0.87109375
309,0.2,0.0
309,0.225,0.0
309,0.25,0.0224609375
309,0.275,0.6884765625
309,0.3,0.8828125
310,0.2,0.0
310,0.225,0.0009765625
310,0.25,0.0078125
310,0.275,0.662109375
310,0.3,0.8720703125
311,0.2,0.0
311,0.225,0.001953125
311,0.25,0.0087890625
311,0.275,0.6689453125
311,0.3,0.8720703125
312,0.2,0.0
312,0.225,0.0029296875
312,0.25,0.052734375
312,0.275,0.6669921875
312,0.3,0.87109375
313,0.2,0.0009765625
313,0.225,0.0
313,0.25,0.0126953125
313,0.275,0.68359375
313,0.3,0.8642578125
314,0.2,0.0
314,0.225,0.0
314,0.25,0.0341796875
314,0.275,0.720703125
314,0.3,0.873046875
315,0.2,0.001953125
315,0.225,0.0009765625
315,0.25,0.01171875
315,0.275,0.69140625
315,0.3,0.8857421875
316,0.2,0.0
316,0.225,0.0
316,0.25,0.009765625
316,0.275,0.681640625
316,0.3,0.861328125
317,0.2,0.0
317,0.225,0.0
317,0.25,0.01953125
317,0.275,0.6767578125
317,0.3,0.8583984375
318,0.2,0.0
318,0.225,0.0
318,0.25,0.0302734375
318,0.275,0.703125
318,0.3,0.8759765625
319,0.2,0.0
319,0.225,0.0048828125
319,0.25,0.044921875
319,0.275,0.662109375
319,0.3,0.896484375
320,0.2,0.0
320,0.225,0.0
320,0.25,0.0
320,0.275,0.701171875
320,0.3,0.880859375
321,0.2,0.0029296875
321,0.225,0.0
321,0.25,0.03125
321,0.275,0.705078125
321,0.3,0.8583984375
322,0.2,0.0
322,0.225,0.00390625
322,0.25,0.009765625
322,0.275,0.7080078125
322,0.3,0.86328125
323,0.2,0.0
323,0.225,0.0
323,0.25,0.0078125
323,0.275,0.7021484375
323,0.3,0.8642578125
324,0.2,0.0
324,0.225,0.0
324,0.25,0.013671875
324,0.275,0.6455078125
324,0.3,0.85546875
325,0.2,0.0
325,0.225,0.0
325,0.25,0.0107421875
325,0.275,0.6669921875
325,0.3,0.87109375
326,0.2,0.0
326,0.225,0.0009765625
326,0.25,0.0078125
326,0.275,0.71484375
326,0.3,0.8740234375
327,0.2,0.0
327,0.225,0.0009765625
327,0.25,0.00390625
327,0.275,0.69140625
327,0.3,0.8828125
328,0.2,0.0
328,0.225,0.0048828125
328,0.25,0.017578125
328,0.275,0.6865234375
328,0.3,0.875
329,0.2,0.0
329,0.225,0.0
329,0.25,0.0234375
329,0.275,0.6865234375
329,0.3,0.8701171875
330,0.2,0.0009765625
330,0.225,0.0
330,0.25,0.0361328125
330,0.275,0.720703125
330,0.3,0.861328125
331,0.2,0.0
331,0.225,0.0009765625
331,0.25,0.0224609375
331,0.275,0.6806640625
331,0.3,0.8828125
332,0.2,0.0
332,0.225,0.0029296875
332,0.25,0.0341796875
332,0.275,0.6787109375
332,0.3,0.859375
333,0.2,0.0
333,0.225,0.0
333,0.25,0.0478515625
333,0.275,0.7119140625
333,0.3,0.853515625
334,0.2,0.0
334,0.225,0.0029296875
334,0.25,0.017578125
334,0.275,0.67578125
334,0.3,0.857421875
335,0.2,0.0
335,0.225,0.0
335,0.25,0.0078125
335,0.275,0.6787109375
335,0.3,0.87109375
336,0.2,0.0
336,0.225,0.0029296875
336,0.25,0.005859375
336,0.275,0.7373046875
336,0.3,0.8876953125
337,0.2,0.0
337,0.225,0.0
337,0.25,0.0185546875
337,0.275,0.7314453125
337,0.3,0.8759765625
338,0.2,0.0
338,0.225,0.005859375
338,0.25,0.0205078125
338,0.275,0.5810546875
338,0.3,0.861328125
339,0.2,0.0
339,0.225,0.00390625
339,0.25,0.0087890625
339,0.275,0.6845703125
339,0.3,0.876953125
340,0.2,0.0
340,0.225,0.0
340,0.25,0.0
340,0.275,0.73046875
340,0.3,0.884765625
341,0.2,0.0
341,0.225,0.0
341,0.25,0.0048828125
341,0.275,0.701171875
341,0.3,0.8759765625
342,0.2,0.0
342,0.225,0.0
342,0.25,0.017578125
342,0.275,0.7265625
342,0.3,0.8759765625
343,0.2,0.0
343,0.225,0.0
343,0.25,0.0126953125
343,0.275,0.6796875
343,0.3,0.86328125
344,0.2,0.0
344,0.225,0.0078125
344,0.25,0.009765625
344,0.275,0.6796875
344,0.3,0.8671875
345,0.2,0.0
345,0.225,0.0
345,0.25,0.017578125
345,0.275,0.7451171875
345,0.3,0.88671875
346,0.2,0.0
346,0.225,0.0
346,0.25,0.0068359375
346,0.275,0.6962890625
346,0.3,0.876953125
347,0.2,0.0
347,0.225,0.00390625
347,0.25,0.017578125
347,0.275,0.6337890625
347,0.3,0.8740234375
348,0.2,0.0
348,0.225,0.0
348,0.25,0.0283203125
348,0.275,0.71875
348,0.3,0.87109375
349,0.2,0.0
349,0.225,0.0078125
349,0.25,0.0
349,0.275,0.6982421875
349,0.3,0.8720703125
350,0.2,0.0
350,0.225,0.0
350,0.25,0.0
350,0.275,0.703125
350,0.3,0.86328125
351,0.2,0.0
351,0.225,0.0
351,0.25,0.0126953125
351,0.275,0.693359375
351,0.3,0.8583984375
352,0.2,0.001953125
352,0.225,0.0
352,0.25,0.01953125
352,0.275,0.73828125
352,0.3,0.8974609375
353,0.2,0.0
353,0.225,0.0
353,0.25,0.0224609375
353,0.275,0.6923828125
353,0.3,0.859375
354,0.2,0.0
354,0.225,0.0
354,0.25,0.0244140625
354,0.275,0.6591796875
354,0.3,0.8818359375
355,0.2,0.0
355,0.225,0.0
355,0.25,0.03125
355,0.275,0.6552734375
355,0.3,0.8662109375
356,0.2,0.0
356,0.225,0.0
356,0.25,0.00390625
356,0.275,0.70703125
356,0.3,0.873046875
357,0.2,0.0009765625
357,0.225,0.0
357,0.25,0.0
357,0.275,0.7275390625
357,0.3,0.8544921875
358,0.2,0.0
358,0.225,0.01171875
358,0.25,0.005859375
358,0.275,0.71484375
358,0.3,0.8818359375
359,0.2,0.0
359,0.225,0.0
359,0.25,0.0
359,0.275,0.736328125
359,0.3,0.8505859375
360,0.2,0.0
360,0.225,0.0
360,0.25,0.0087890625
360,0.275,0.7080078125
360,0.3,0.845703125
361,0.2,0.0
361,0.225,0.0
361,0.25,0.029296875
361,0.275,0.677734375
361,0.3,0.880859375
362,0.2,0.00390625
362,0.225,0.00390625
362,0.25,0.0166015625
362,0.275,0.7001953125
362,0.3,0.857421875
363,0.2,0.0
363,0.225,0.0
363,0.25,0.01171875
363,0.275,0.62109375
363,0.3,0.869140625
364,0.2,0.0
364,0.225,0.0
364,0.25,0.0146484375
364,0.275,0.7412109375
364,0.3,0.8408203125
365,0.2,0.0
365,0.225,0.0029296875
365,0.25,0.0166015625
365,0.275,0.7080078125
365,0.3,0.85546875
366,0.2,0.0
366,0.225,0.0029296875
366,0.25,0.017578125
366,0.275,0.6708984375
366,0.3,0.880859375
367,0.2,0.0
367,0.225,0.0009765625
367,0.25,0.0185546875
367,0.275,0.7080078125
367,0.3,0.8701171875
368,0.2,0.0
368,0.225,0.0
368,0.25,0.0341796875
368,0.275,0.6552734375
368,0.3,0.84765625
369,0.2,0.0
369,0.225,0.00390625
369,0.25,0.0029296875
369,0.275,0.6982421875
369,0.3,0.86328125
370,0.2,0.0
370,0.225,0.001953125
370,0.25,0.0048828125
370,0.275,0.626953125
370,0.3,0.87890625
371,0.2,0.0
371,0.225,0.0009765625
371,0.25,0.0166015625
371,0.275,0.666015625
371,0.3,0.876953125
372,0.2,0.0
372,0.225,0.0
372,0.25,0.017578125
372,0.275,0.70703125
372,0.3,0.8603515625
373,0.2,0.0
373,0.225,0.0029296875
373,0.25,0.01953125
373,0.275,0.689453125
373,0.3,0.876953125
374,0.2,0.0
374,0.225,0.0
374,0.25,0.0478515625
374,0.275,0.6484375
374,0.3,0.8623046875
375,0.2,0.0
375,0.225,0.001953125
375,0.25,0.017578125
375,0.275,0.7109375
375,0.3,0.8662109375
376,0.2,0.0
376,0.225,0.0
376,0.25,0.0185546875
376,0.275,0.712890625
376,0.3,0.8759765625
377,0.2,0.0009765625
377,0.225,0.0
377,0.25,0.0458984375
377,0.275,0.6962890625
377,0.3,0.890625
378,0.2,0.0
378,0.225,0.0
378,0.25,0.02734375
378,0.275,0.6787109375
378,0.3,0.8603515625
379,0.2,0.001953125
379,0.225,0.0029296875
379,0.25,0.06640625
379,0.275,0.7080078125
379,0.3,0.87890625
380,0.2,0.0
380,0.225,0.0
380,0.25,0.017578125
380,0.275,0.6796875
380,0.3,0.88671875
381,0.2,0.0
381,0.225,0.001953125
381,0.25,0.0263671875
381,0.275,0.677734375
381,0.3,0.876953125
382,0.2,0.0
382,0.225,0.0
382,0.25,0.0
382,0.275,0.6982421875
382,0.3,0.8671875
383,0.2,0.0
383,0.225,0.0
383,0.25,0.013671875
383,0.275,0.7041015625
383,0.3,0.8916015625
384,0.2,0.001953125
384,0.225,0.0
384,0.25,0.0458984375
384,0.275,0.7041015625
384,0.3,0.859375
385,0.2,0.0029296875
385,0.225,0.00390625
385,0.25,0.015625
385,0.275,0.6982421875
385,0.3,0.8828125
386,0.2,0.0
386,0.225,0.0029296875
386,0.25,0.0234375
386,0.275,0.703125
386,0.3,0.8857421875
387,0.2,0.0
387,0.225,0.0
387,0.25,0.013671875
387,0.275,0.7265625
387,0.3,0.8779296875
388,0.2,0.001953125
388,0.225,0.0029296875
388,0.25,0.021484375
388,0.275,0.73046875
388,0.3,0.861328125
389,0.2,0.0
389,0.225,0.0
389,0.25,0.0205078125
389,0.275,0.681640625
389,0.3,0.87109375
390,0.2,0.0
390,0.225,0.001953125
390,0.25,0.0390625
390,0.275,0.7041015625
390,0.3,0.86328125
391,0.2,0.0
391,0.225,0.0
391,0.25,0.017578125
391,0.275,0.69921875
391,0.3,0.861328125
392,0.2,0.0
392,0.225,0.0029296875
392,0.25,0.0205078125
392,0.275,0.6201171875
392,0.3,0.8701171875
393,0.2,0.0
393,0.225,0.0
393,0.25,0.0146484375
393,0.275,0.681640625
393,0.3,0.869140625
394,0.2,0.0
394,0.225,0.0
394,0.25,0.0390625
394,0.275,0.7216796875
394,0.3,0.873046875
395,0.2,0.0
395,0.225,0.0
395,0.25,0.021484375
395,0.275,0.7060546875
395,0.3,0.869140625
396,0.2,0.0
396,0.225,0.0
396,0.25,0.02734375
396,0.275,0.7236328125
396,0.3,0.8701171875
397,0.2,0.0029296875
397,0.225,0.0
397,0.25,0.0244140625
397,0.275,0.705078125
397,0.3,0.876953125
398,0.2,0.0
398,0.225,0.0
398,0.25,0.0
398,0.275,0.701171875
398,0.3,0.880859375
399,0.2,0.0
399,0.225,0.0
399,0.25,0.0146484375
399,0.275,0.7275390625
399,0.3,0.890625
400,0.2,0.0
400,0.225,0.0
400,0.25,0.01953125
400,0.275,0.71875
400,0.3,0.869140625
401,0.2,0.0
401,0.225,0.0
401,0.25,0.0380859375
401,0.275,0.712890625
401,0.3,0.8759765625
402,0.2,0.0
402,0.225,0.0048828125
402,0.25,0.00390625
402,0.275,0.6728515625
402,0.3,0.8916015625
403,0.2,0.0
403,0.225,0.0
403,0.25,0.0224609375
403,0.275,0.671875
403,0.3,0.861328125
404,0.2,0.0
404,0.225,0.0
404,0.25,0.0
404,0.275,0.6767578125
404,0.3,0.861328125
405,0.2,0.0
405,0.225,0.0
405,0.25,0.0634765625
405,0.275,0.626953125
405,0.3,0.861328125
406,0.2,0.0
406,0.225,0.0009765625
406,0.25,0.017578125
406,0.275,0.7373046875
406,0.3,0.8701171875
407,0.2,0.0
407,0.225,0.0
407,0.25,0.0078125
407,0.275,0.6962890625
407,0.3,0.875
408,0.2,0.0
408,0.225,0.0
408,0.25,0.0263671875
408,0.275,0.689453125
408,0.3,0.8857421875
409,0.2,0.0
409,0.225,0.0029296875
409,0.25,0.0556640625
409,0.275,0.666015625
409,0.3,0.8720703125
410,0.2,0.0
410,0.225,0.0078125
410,0.25,0.015625
410,0.275,0.7314453125
410,0.3,0.8583984375
411,0.2,0.0
411,0.225,0.0
411,0.25,0.0146484375
411,0.275,0.748046875
411,0.3,0.8662109375
412,0.2,0.0
412,0.225,0.0
412,0.25,0.015625
412,0.275,0.69140625
412,0.3,0.865234375
413,0.2,0.0
413,0.225,0.0
413,0.25,0.015625
413,0.275,0.71484375
413,0.3,0.88671875
414,0.2,0.0
414,0.225,0.0068359375
414,0.25,0.0146484375
414,0.275,0.7294921875
414,0.3,0.8671875
415,0.2,0.0
415,0.225,0.0
415,0.25,0.01171875
415,0.275,0.68359375
415,0.3,0.8681640625
416,0.2,0.0
416,0.225,0.0
416,0.25,0.01953125
416,0.275,0.6943359375
416,0.3,0.8623046875
417,0.2,0.0
417,0.225,0.0
417,0.25,0.0791015625
417,0.275,0.6640625
417,0.3,0.884765625
418,0.2,0.0
418,0.225,0.0029296875
418,0.25,0.0029296875
418,0.275,0.634765625
418,0.3,0.8662109375
419,0.2,0.0
419,0.225,0.0
419,0.25,0.0244140625
419,0.275,0.6728515625
419,0.3,0.8701171875
420,0.2,0.0
420,0.225,0.0
420,0.25,0.03125
420,0.275,0.669921875
420,0.3,0.880859375
421,0.2,0.0
421,0.225,0.0
421,0.25,0.0
421,0.275,0.6943359375
421,0.3,0.849609375
422,0.2,0.0
422,0.225,0.0107421875
422,0.25,0.0263671875
422,0.275,0.6962890625
422,0.3,0.8671875
423,0.2,0.0
423,0.225,0.0
423,0.25,0.0341796875
423,0.275,0.6416015625
423,0.3,0.876953125
424,0.2,0.0009765625
424,0.225,0.0048828125
424,0.25,0.0185546875
424,0.275,0.708984375
424,0.3,0.8427734375
425,0.2,0.0
425,0.225,0.0
425,0.25,0.04296875
425,0.275,0.6787109375
425,0.3,0.865234375
426,0.2,0.0
426,0.225,0.0
426,0.25,0.0
426,0.275,0.736328125
426,0.3,0.873046875
427,0.2,0.0
427,0.225,0.0
427,0.25,0.0
427,0.275,0.7451171875
427,0.3,0.865234375
428,0.2,0.0
428,0.225,0.009765625
428,0.25,0.0234375
428,0.275,0.7041015625
428,0.3,0.875
429,0.2,0.0
429,0.225,0.0
429,0.25,0.0107421875
429,0.275,0.7001953125
429,0.3,0.8642578125
430,0.2,0.0029296875
430,0.225,0.0
430,0.25,0.0478515625
430,0.275,0.64453125
430,0.3,0.87109375
431,0.2,0.0
431,0.225,0.001953125
431,0.25,0.0234375
431,0.275,0.6806640625
431,0.3,0.888671875
432,0.2,0.0
432,0.225,0.0
432,0.25,0.0205078125
432,0.275,0.69140625
432,0.3,0.8671875
433,0.2,0.0
433,0.225,0.0
433,0.25,0.0439453125
433,0.275,0.7138671875
433,0.3,0.857421875
434,0.2,0.0
434,0.225,0.0
434,0.25,0.0
434,0.275,0.7109375
434,0.3,0.8623046875
435,0.2,0.0
435,0.225,0.0029296875
435,0.25,0.013671875
435,0.275,0.7255859375
435,0.3,0.873046875
436,0.2,0.001953125
436,0.225,0.0
436,0.25,0.015625
436,0.275,0.7080078125
436,0.3,0.869140625
437,0.2,0.0
437,0.225,0.0009765625
437,0.25,0.0
437,0.275,0.6943359375
437,0.3,0.86328125
438,0.2,0.0
438,0.225,0.001953125
438,0.25,0.01171875
438,0.275,0.6728515625
438,0.3,0.8671875
439,0.2,0.0009765625
439,0.225,0.0009765625
439,0.25,0.03125
439,0.275,0.697265625
439,0.3,0.8857421875
440,0.2,0.0
440,0.225,0.0
440,0.25,0.0283203125
440,0.275,0.705078125
440,0.3,0.87890625
441,0.2,0.0
441,0.225,0.0029296875
441,0.25,0.0146484375
441,0.275,0.7255859375
441,0.3,0.8798828125
442,0.2,0.0
442,0.225,0.0009765625
442,0.25,0.0283203125
442,0.275,0.732421875
442,0.3,0.8642578125
443,0.2,0.0
443,0.225,0.0
443,0.25,0.0
443,0.275,0.7158203125
443,0.3,0.8740234375
444,0.2,0.0
444,0.225,0.0
444,0.25,0.0029296875
444,0.275,0.744140625
444,0.3,0.8857421875
445,0.2,0.0
445,0.225,0.0
445,0.25,0.017578125
445,0.275,0.6826171875
445,0.3,0.865234375
446,0.2,0.0
446,0.225,0.0029296875
446,0.25,0.029296875
446,0.275,0.6484375
446,0.3,0.8759765625
447,0.2,0.0
447,0.225,0.0
447,0.25,0.0380859375
447,0.275,0.689453125
447,0.3,0.8681640625
448,0.2,0.0
448,0.225,0.0
448,0.25,0.009765625
448,0.275,0.67578125
448,0.3,0.8671875
449,0.2,0.0
449,0.225,0.0029296875
449,0.25,0.0322265625
449,0.275,0.66015625
449,0.3,0.8701171875
450,0.2,0.0
450,0.225,0.0
450,0.25,0.0146484375
450,0.275,0.7255859375
450,0.3,0.8583984375
451,0.2,0.0
451,0.225,0.0029296875
451,0.25,0.0166015625
451,0.275,0.6845703125
451,0.3,0.8740234375
452,0.2,0.0
452,0.225,0.0
452,0.25,0.0400390625
452,0.275,0.7216796875
452,0.3,0.873046875
453,0.2,0.0009765625
453,0.225,0.0
453,0.25,0.0498046875
453,0.275,0.75390625
453,0.3,0.8740234375
454,0.2,0.0
454,0.225,0.0
454,0.25,0.013671875
454,0.275,0.6845703125
454,0.3,0.8828125
455,0.2,0.0
455,0.225,0.0
455,0.25,0.02734375
455,0.275,0.609375
455,0.3,0.8798828125
456,0.2,0.0
456,0.225,0.0
456,0.25,0.0244140625
456,0.275,0.7255859375
456,0.3,0.8701171875
457,0.2,0.0
457,0.225,0.0048828125
457,0.25,0.0146484375
457,0.275,0.708984375
457,0.3,0.8828125
458,0.2,0.0
458,0.225,0.0
458,0.25,0.0166015625
458,0.275,0.6982421875
458,0.3,0.875
459,0.2,0.0
459,0.225,0.0029296875
459,0.25,0.005859375
459,0.275,0.69140625
459,0.3,0.8779296875
460,0.2,0.0
460,0.225,0.0048828125
460,0.25,0.015625
460,0.275,0.724609375
460,0.3,0.86328125
461,0.2,0.0
461,0.225,0.0
461,0.25,0.0
461,0.275,0.6240234375
461,0.3,0.8896484375
462,0.2,0.0
462,0.225,0.0
462,0.25,0.021484375
462,0.275,0.7119140625
462,0.3,0.876953125
463,0.2,0.0
463,0.225,0.0009765625
463,0.25,0.015625
463,0.275,0.65234375
463,0.3,0.8603515625
464,0.2,0.0
464,0.225,0.0
464,0.25,0.0166015625
464,0.275,0.650390625
464,0.3,0.875
465,0.2,0.0
465,0.225,0.0009765625
465,0.25,0.013671875
465,0.275,0.69140625
465,0.3,0.8525390625
466,0.2,0.0
466,0.225,0.0
466,0.25,0.0185546875
466,0.275,0.6845703125
466,0.3,0.8720703125
467,0.2,0.0
467,0.225,0.0048828125
467,0.25,0.0029296875
467,0.275,0.7001953125
467,0.3,0.865234375
468,0.2,0.0
468,0.225,0.0068359375
468,0.25,0.0048828125
468,0.275,0.6796875
468,0.3,0.86328125
469,0.2,0.0
469,0.225,0.001953125
469,0.25,0.0087890625
469,0.275,0.7080078125
469,0.3,0.86328125
470,0.2,0.0
470,0.225,0.0
470,0.25,0.017578125
470,0.275,0.7353515625
470,0.3,0.865234375
471,0.2,0.0
471,0.225,0.0029296875
471,0.25,0.0302734375
471,0.275,0.6943359375
471,0.3,0.8525390625
472,0.2,0.0
472,0.225,0.0
472,0.25,0.0087890625
472,0.275,0.7080078125
472,0.3,0.8740234375
473,0.2,0.0
473,0.225,0.0048828125
473,0.25,0.0
473,0.275,0.685546875
473,0.3,0.8798828125
474,0.2,0.0
474,0.225,0.0
474,0.25,0.0
474,0.275,0.7265625
474,0.3,0.8603515625
475,0.2,0.0
475,0.225,0.0
475,0.25,0.005859375
475,0.275,0.697265625
475,0.3,0.8779296875
476,0.2,0.0
476,0.225,0.0029296875
476,0.25,0.0185546875
476,0.275,0.6435546875
476,0.3,0.8623046875
477,0.2,0.0
477,0.225,0.0
477,0.25,0.0
477,0.275,0.6611328125
477,0.3,0.8720703125
478,0.2,0.0
478,0.225,0.0
478,0.25,0.0
478,0.275,0.580078125
478,0.3,0.861328125
479,0.2,0.0
479,0.225,0.0009765625
479,0.25,0.0283203125
479,0.275,0.6865234375
479,0.3,0.8798828125
480,0.2,0.001953125
480,0.225,0.0
480,0.25,0.009765625
480,0.275,0.7021484375
480,0.3,0.87890625
481,0.2,0.001953125
481,0.225,0.0
481,0.25,0.0361328125
481,0.275,0.6591796875
481,0.3,0.8662109375
482,0.2,0.0
482,0.225,0.005859375
482,0.25,0.03515625
482,0.275,0.70703125
482,0.3,0.8818359375
483,0.2,0.0
483,0.225,0.0
483,0.25,0.0205078125
483,0.275,0.658203125
483,0.3,0.8837890625
484,0.2,0.0
484,0.225,0.0
484,0.25,0.04296875
484,0.275,0.7109375
484,0.3,0.8642578125
485,0.2,0.0
485,0.225,0.0
485,0.25,0.0
485,0.275,0.7158203125
485,0.3,0.8740234375
486,0.2,0.0
486,0.225,0.0
486,0.25,0.0234375
486,0.275,0.685546875
486,0.3,0.8818359375
487,0.2,0.0
487,0.225,0.0
487,0.25,0.01171875
487,0.275,0.70703125
487,0.3,0.869140625
488,0.2,0.0009765625
488,0.225,0.0
488,0.25,0.0068359375
488,0.275,0.7265625
488,0.3,0.875
489,0.2,0.0
489,0.225,0.001953125
489,0.25,0.0380859375
489,0.275,0.666015625
489,0.3,0.8896484375
490,0.2,0.0
490,0.225,0.0
490,0.25,0.0146484375
490,0.275,0.689453125
490,0.3,0.859375
491,0.2,0.0
491,0.225,0.001953125
491,0.25,0.0078125
491,0.275,0.734375
491,0.3,0.888671875
492,0.2,0.0
492,0.225,0.0
492,0.25,0.0
492,0.275,0.6640625
492,0.3,0.8583984375
493,0.2,0.0
493,0.225,0.0
493,0.25,0.0
493,0.275,0.6806640625
493,0.3,0.8759765625
494,0.2,0.0
494,0.225,0.00390625
494,0.25,0.0478515625
494,0.275,0.7177734375
494,0.3,0.8603515625
495,0.2,0.0
495,0.225,0.0
495,0.25,0.00390625
495,0.275,0.6787109375
495,0.3,0.8701171875
496,0.2,0.0
496,0.225,0.0
496,0.25,0.0078125
496,0.275,0.5927734375
496,0.3,0.873046875
497,0.2,0.0
497,0.225,0.0
497,0.25,0.013671875
497,0.275,0.6845703125
497,0.3,0.8681640625
498,0.2,0.0
498,0.225,0.0
498,0.25,0.005859375
498,0.275,0.7119140625
498,0.3,0.859375
499,0.2,0.0
499,0.225,0.0
499,0.25,0.04296875
499,0.275,0.7158203125
499,0.3,0.86328125
500,0.2,0.0
500,0.225,0.0
500,0.25,0.02734375
500,0.275,0.6630859375
500,0.3,0.890625
501,0.2,0.0
501,0.225,0.0
501,0.25,0.0146484375
501,0.275,0.6787109375
501,0.3,0.8505859375
502,0.2,0.0
502,0.225,0.0087890625
502,0.25,0.0400390625
502,0.275,0.7392578125
502,0.3,0.873046875
503,0.2,0.0
503,0.225,0.0
503,0.25,0.03125
503,0.275,0.6748046875
503,0.3,0.8798828125
504,0.2,0.0
504,0.225,0.0
504,0.25,0.0048828125
504,0.275,0.6875
504,0.3,0.865234375
505,0.2,0.0
505,0.225,0.0
505,0.25,0.0146484375
505,0.275,0.736328125
505,0.3,0.8720703125
506,0.2,0.0
506,0.225,0.001953125
506,0.25,0.029296875
506,0.275,0.73046875
506,0.3,0.875
507,0.2,0.0
507,0.225,0.0
507,0.25,0.0087890625
507,0.275,0.65625
507,0.3,0.8671875
508,0.2,0.0
508,0.225,0.0
508,0.25,0.0087890625
508,0.275,0.634765625
508,0.3,0.8564453125
509,0.2,0.0
509,0.225,0.0
509,0.25,0.0263671875
509,0.275,0.7080078125
509,0.3,0.875
510,0.2,0.0
510,0.225,0.0
510,0.25,0.0078125
510,0.275,0.7275390625
510,0.3,0.8525390625
511,0.2,0.0
511,0.225,0.0
511,0.25,0.0
511,0.275,0.716796875
511,0.3,0.8740234375
512,0.2,0.0
512,0.225,0.0029296875
512,0.25,0.0126953125
512,0.275,0.69140625
512,0.3,0.8896484375
513,0.2,0.0
513,0.225,0.0029296875
513,0.25,0.0
513,0.275,0.685546875
513,0.3,0.8798828125
514,0.2,0.0
514,0.225,0.00390625
514,0.25,0.0078125
514,0.275,0.6982421875
514,0.3,0.83984375
515,0.2,0.0
515,0.225,0.0029296875
515,0.25,0.03125
515,0.275,0.6513671875
515,0.3,0.875
516,0.2,0.0
516,0.225,0.0
516,0.25,0.0
516,0.275,0.716796875
516,0.3,0.86328125
517,0.2,0.0
517,0.225,0.00390625
517,0.25,0.0283203125
517,0.275,0.71875
517,0.3,0.8642578125
518,0.2,0.0
518,0.225,0.0
518,0.25,0.0
518,0.275,0.73046875
518,0.3,0.8759765625
519,0.2,0.001953125
519,0.225,0.0
519,0.25,0.025390625
519,0.275,0.7470703125
519,0.3,0.8720703125
520,0.2,0.0
520,0.225,0.0
520,0.25,0.0
520,0.275,0.7001953125
520,0.3,0.875
521,0.2,0.0
521,0.225,0.0
521,0.25,0.013671875
521,0.275,0.7412109375
521,0.3,0.849609375
522,0.2,0.0
522,0.225,0.0
522,0.25,0.033203125
522,0.275,0.7060546875
522,0.3,0.869140625
523,0.2,0.0
523,0.225,0.0
523,0.25,0.0
523,0.275,0.724609375
523,0.3,0.8720703125
524,0.2,0.0
524,0.225,0.0
524,0.25,0.029296875
524,0.275,0.6748046875
524,0.3,0.8740234375
525,0.2,0.0
525,0.225,0.0009765625
525,0.25,0.025390625
525,0.275,0.7158203125
525,0.3,0.8720703125
526,0.2,0.0
526,0.225,0.0
526,0.25,0.0234375
526,0.275,0.689453125
526,0.3,0.8671875
527,0.2,0.0
527,0.225,0.0009765625
527,0.25,0.009765625
527,0.275,0.716796875
527,0.3,0.8759765625
528,0.2,0.0
528,0.225,0.0
528,0.25,0.0087890625
528,0.275,0.6962890625
528,0.3,0.8701171875
529,0.2,0.0009765625
529,0.225,0.0029296875
529,0.25,0.0185546875
529,0.275,0.673828125
529,0.3,0.8623046875
530,0.2,0.0
530,0.225,0.001953125
530,0.25,0.017578125
530,0.275,0.720703125
530,0.3,0.8583984375
531,0.2,0.0029296875
531,0.225,0.0
531,0.25,0.005859375
531,0.275,0.744140625
531,0.3,0.88671875
532,0.2,0.0
532,0.225,0.0009765625
532,0.25,0.0068359375
532,0.275,0.697265625
532,0.3,0.8818359375
533,0.2,0.0
533,0.225,0.0
533,0.25,0.0107421875
533,0.275,0.6806640625
533,0.3,0.8642578125
534,0.2,0.0
534,0.225,0.0
534,0.25,0.0302734375
534,0.275,0.708984375
534,0.3,0.869140625
535,0.2,0.0
535,0.225,0.0
535,0.25,0.0087890625
535,0.275,0.7392578125
535,0.3,0.8740234375
536,0.2,0.0
536,0.225,0.0068359375
536,0.25,0.01953125
536,0.275,0.7412109375
536,0.3,0.861328125
537,0.2,0.0
537,0.225,0.0
537,0.25,0.01171875
537,0.275,0.697265625
537,0.3,0.8583984375
538,0.2,0.0
538,0.225,0.00390625
538,0.25,0.01171875
538,0.275,0.7314453125
538,0.3,0.87109375
539,0.2,0.0
539,0.225,0.0126953125
539,0.25,0.017578125
539,0.275,0.67578125
539,0.3,0.8583984375
540,0.2,0.0029296875
540,0.225,0.00390625
540,0.25,0.0087890625
540,0.275,0.7333984375
540,0.3,0.84765625
541,0.2,0.0
541,0.225,0.0029296875
541,0.25,0.02734375
541,0.275,0.7197265625
541,0.3,0.8603515625
542,0.2,0.0
542,0.225,0.0
542,0.25,0.009765625
542,0.275,0.7412109375
542,0.3,0.8671875
543,0.2,0.0
543,0.225,0.0
543,0.25,0.0068359375
543,0.275,0.6416015625
543,0.3,0.8681640625
544,0.2,0.0
544,0.225,0.0029296875
544,0.25,0.0234375
544,0.275,0.6767578125
544,0.3,0.8564453125
545,0.2,0.0
545,0.225,0.0009765625
545,0.25,0.013671875
545,0.275,0.736328125
545,0.3,0.8544921875
546,0.2,0.0
546,0.225,0.0
546,0.25,0.0302734375
546,0.275,0.685546875
546,0.3,0.8603515625
547,0.2,0.0
547,0.225,0.0
547,0.25,0.017578125
547,0.275,0.705078125
547,0.3,0.873046875
548,0.2,0.0
548,0.225,0.0
548,0.25,0.0
548,0.275,0.6796875
548,0.3,0.865234375
549,0.2,0.001953125
549,0.225,0.001953125
549,0.25,0.0166015625
549,0.275,0.6826171875
549,0.3,0.85546875
550,0.2,0.0
550,0.225,0.001953125
550,0.25,0.0107421875
550,0.275,0.7158203125
550,0.3,0.8583984375
551,0.2,0.0
551,0.225,0.0
551,0.25,0.0048828125
551,0.275,0.71484375
551,0.3,0.876953125
552,0.2,0.0
552,0.225,0.0
552,0.25,0.015625
552,0.275,0.7041015625
552,0.3,0.8701171875
553,0.2,0.00390625
553,0.225,0.0009765625
553,0.25,0.0234375
553,0.275,0.7216796875
553,0.3,0.87109375
554,0.2,0.0
554,0.225,0.00390625
554,0.25,0.029296875
554,0.275,0.7021484375
554,0.3,0.8544921875
555,0.2,0.0009765625
555,0.225,0.0
555,0.25,0.0
555,0.275,0.7236328125
555,0.3,0.8779296875
556,0.2,0.0
556,0.225,0.0
556,0.25,0.0068359375
556,0.275,0.65625
556,0.3,0.8759765625
557,0.2,0.0
557,0.225,0.0
557,0.25,0.0107421875
557,0.275,0.70703125
557,0.3,0.8798828125
558,0.2,0.0
558,0.225,0.0
558,0.25,0.0224609375
558,0.275,0.6923828125
558,0.3,0.876953125
559,0.2,0.0
559,0.225,0.0029296875
559,0.25,0.01171875
559,0.275,0.57421875
559,0.3,0.869140625
560,0.2,0.0
560,0.225,0.0009765625
560,0.25,0.001953125
560,0.275,0.6787109375
560,0.3,0.8759765625
561,0.2,0.0
561,0.225,0.0068359375
561,0.25,0.0146484375
561,0.275,0.6982421875
561,0.3,0.8427734375
562,0.2,0.0
562,0.225,0.0
562,0.25,0.005859375
562,0.275,0.66796875
562,0.3,0.865234375
563,0.2,0.0
563,0.225,0.0
563,0.25,0.013671875
563,0.275,0.6611328125
563,0.3,0.8544921875
564,0.2,0.0
564,0.225,0.0029296875
564,0.25,0.009765625
564,0.275,0.7333984375
564,0.3,0.8740234375
565,0.2,0.0
565,0.225,0.0
565,0.25,0.015625
565,0.275,0.7216796875
565,0.3,0.873046875
566,0.2,0.0
566,0.225,0.0
566,0.25,0.0078125
566,0.275,0.697265625
566,0.3,0.8837890625
567,0.2,0.0
567,0.225,0.0
567,0.25,0.04296875
567,0.275,0.7080078125
567,0.3,0.8671875
568,0.2,0.0
568,0.225,0.0
568,0.25,0.0087890625
568,0.275,0.7197265625
568,0.3,0.8623046875
569,0.2,0.0
569,0.225,0.0
569,0.25,0.0
569,0.275,0.7080078125
569,0.3,0.84375
570,0.2,0.0
570,0.225,0.0
570,0.25,0.01171875
570,0.275,0.7021484375
570,0.3,0.865234375
571,0.2,0.0
571,0.225,0.0
571,0.25,0.0341796875
571,0.275,0.7099609375
571,0.3,0.861328125
572,0.2,0.0
572,0.225,0.0
572,0.25,0.02734375
572,0.275,0.740234375
572,0.3,0.8828125
573,0.2,0.0
573,0.225,0.0
573,0.25,0.0107421875
573,0.275,0.677734375
573,0.3,0.8876953125
574,0.2,0.0
574,0.225,0.001953125
574,0.25,0.0224609375
574,0.275,0.6826171875
574,0.3,0.8671875
575,0.2,0.0
575,0.225,0.0
575,0.25,0.005859375
575,0.275,0.720703125
575,0.3,0.87109375
576,0.2,0.0
576,0.225,0.0
576,0.25,0.0283203125
576,0.275,0.71875
576,0.3,0.857421875
577,0.2,0.0
577,0.225,0.0
577,0.25,0.01953125
577,0.275,0.66015625
577,0.3,0.873046875
578,0.2,0.0
578,0.225,0.0
578,0.25,0.0126953125
578,0.275,0.681640625
578,0.3,0.8623046875
579,0.2,0.0
579,0.225,0.00390625
579,0.25,0.017578125
579,0.275,0.67578125
579,0.3,0.8583984375
580,0.2,0.0
580,0.225,0.0
580,0.25,0.0
580,0.275,0.6806640625
580,0.3,0.8818359375
581,0.2,0.0
581,0.225,0.0
581,0.25,0.0107421875
581,0.275,0.736328125
581,0.3,0.869140625
582,0.2,0.0
582,0.225,0.0
582,0.25,0.015625
582,0.275,0.6591796875
582,0.3,0.8505859375
583,0.2,0.0009765625
583,0.225,0.0
583,0.25,0.0
583,0.275,0.689453125
583,0.3,0.8642578125
584,0.2,0.0
584,0.225,0.0
584,0.25,0.041015625
584,0.275,0.6904296875
584,0.3,0.859375
585,0.2,0.001953125
585,0.225,0.0
585,0.25,0.0498046875
585,0.275,0.69921875
585,0.3,0.865234375
586,0.2,0.0
586,0.225,0.0
586,0.25,0.0205078125
586,0.275,0.6982421875
586,0.3,0.8828125
587,0.2,0.0
587,0.225,0.00390625
587,0.25,0.0205078125
587,0.275,0.6689453125
587,0.3,0.85546875
588,0.2,0.0
588,0.225,0.0
588,0.25,0.0087890625
588,0.275,0.71875
588,0.3,0.8818359375
589,0.2,0.0
589,0.225,0.0029296875
589,0.25,0.0048828125
589,0.275,0.6875
589,0.3,0.8740234375
590,0.2,0.0
590,0.225,0.0
590,0.25,0.0419921875
590,0.275,0.71484375
590,0.3,0.8583984375
591,0.2,0.0
591,0.225,0.0048828125
591,0.25,0.0234375
591,0.275,0.6962890625
591,0.3,0.8740234375
592,0.2,0.0
592,0.225,0.0
592,0.25,0.00390625
592,0.275,0.73046875
592,0.3,0.873046875
593,0.2,0.0
593,0.225,0.0
593,0.25,0.0
593,0.275,0.6640625
593,0.3,0.8701171875
594,0.2,0.0
594,0.225,0.001953125
594,0.25,0.0185546875
594,0.275,0.6982421875
594,0.3,0.8642578125
595,0.2,0.0
595,0.225,0.001953125
595,0.25,0.01171875
595,0.275,0.5576171875
595,0.3,0.86328125
596,0.2,0.0
596,0.225,0.0
596,0.25,0.0390625
596,0.275,0.7119140625
596,0.3,0.880859375
597,0.2,0.0
597,0.225,0.0029296875
597,0.25,0.0166015625
597,0.275,0.736328125
597,0.3,0.8662109375
598,0.2,0.0
598,0.225,0.0
598,0.25,0.025390625
598,0.275,0.720703125
598,0.3,0.857421875
599,0.2,0.0
599,0.225,0.0
599,0.25,0.033203125
599,0.275,0.677734375
599,0.3,0.8642578125
600,0.2,0.0
600,0.225,0.0009765625
600,0.25,0.0078125
600,0.275,0.7001953125
600,0.3,0.869140625
601,0.2,0.0
601,0.225,0.0048828125
601,0.25,0.0107421875
601,0.275,0.703125
601,0.3,0.859375
602,0.2,0.0
602,0.225,0.0
602,0.25,0.0078125
602,0.275,0.7099609375
602,0.3,0.86328125
603,0.2,0.0
603,0.225,0.0
603,0.25,0.033203125
603,0.275,0.7197265625
603,0.3,0.875
604,0.2,0.0
604,0.225,0.0009765625
604,0.25,0.005859375
604,0.275,0.642578125
604,0.3,0.8701171875
605,0.2,0.0
605,0.225,0.0
605,0.25,0.0283203125
605,0.275,0.71484375
605,0.3,0.8603515625
606,0.2,0.0
606,0.225,0.0
606,0.25,0.0068359375
606,0.275,0.708984375
606,0.3,0.8828125
607,0.2,0.0
607,0.225,0.0048828125
607,0.25,0.0
607,0.275,0.681640625
607,0.3,0.8671875
608,0.2,0.0
608,0.225,0.0048828125
608,0.25,0.0263671875
608,0.275,0.6630859375
608,0.3,0.8564453125
609,0.2,0.001953125
609,0.225,0.0
609,0.25,0.0146484375
609,0.275,0.70703125
609,0.3,0.865234375
610,0.2,0.0
610,0.225,0.0
610,0.25,0.0234375
610,0.275,0.75
610,0.3,0.875
611,0.2,0.0
611,0.225,0.0
611,0.25,0.0
611,0.275,0.7294921875
611,0.3,0.87890625
612,0.2,0.0
612,0.225,0.0
612,0.25,0.0439453125
612,0.275,0.7060546875
612,0.3,0.8798828125
613,0.2,0.0
613,0.225,0.0
613,0.25,0.015625
613,0.275,0.681640625
613,0.3,0.8671875
614,0.2,0.0
614,0.225,0.0
614,0.25,0.0224609375
614,0.275,0.7119140625
614,0.3,0.849609375
615,0.2,0.0
615,0.225,0.0009765625
615,0.25,0.0
615,0.275,0.6943359375
615,0.3,0.884765625
616,0.2,0.0
616,0.225,0.0
616,0.25,0.025390625
616,0.275,0.71484375
616,0.3,0.8310546875
617,0.2,0.0
617,0.225,0.0
617,0.25,0.0126953125
617,0.275,0.7392578125
617,0.3,0.875
618,0.2,0.0
618,0.225,0.0
618,0.25,0.0302734375
618,0.275,0.6962890625
618,0.3,0.8408203125
619,0.2,0.0
619,0.225,0.0
619,0.25,0.009765625
619,0.275,0.6162109375
619,0.3,0.87109375
620,0.2,0.0
620,0.225,0.0
620,0.25,0.0400390625
620,0.275,0.6962890625
620,0.3,0.8701171875
621,0.2,0.0
621,0.225,0.0
621,0.25,0.01171875
621,0.275,0.669921875
621,0.3,0.8544921875
622,0.2,0.0
622,0.225,0.0029296875
622,0.25,0.0087890625
622,0.275,0.736328125
622,0.3,0.873046875
623,0.2,0.0
623,0.225,0.001953125
623,0.25,0.0283203125
623,0.275,0.7470703125
623,0.3,0.87109375
624,0.2,0.0
624,0.225,0.0
624,0.25,0.0302734375
624,0.275,0.6796875
624,0.3,0.83984375
625,0.2,0.0
625,0.225,0.0
625,0.25,0.0078125
625,0.275,0.6962890625
625,0.3,0.8916015625
626,0.2,0.0
626,0.225,0.0
626,0.25,0.0107421875
626,0.275,0.7509765625
626,0.3,0.884765625
627,0.2,0.0
627,0.225,0.0
627,0.25,0.021484375
627,0.275,0.7001953125
627,0.3,0.8662109375
628,0.2,0.0
628,0.225,0.001953125
628,0.25,0.037109375
628,0.275,0.7060546875
628,0.3,0.8662109375
629,0.2,0.0009765625
629,0.225,0.0
629,0.25,0.0107421875
629,0.275,0.677734375
629,0.3,0.8544921875
630,0.2,0.0
630,0.225,0.0
630,0.25,0.0205078125
630,0.275,0.7177734375
630,0.3,0.859375
631,0.2,0.0
631,0.225,0.0
631,0.25,0.0048828125
631,0.275,0.7197265625
631,0.3,0.8759765625
632,0.2,0.0
632,0.225,0.001953125
632,0.25,0.013671875
632,0.275,0.7255859375
632,0.3,0.8798828125
633,0.2,0.001953125
633,0.225,0.0
633,0.25,0.0126953125
633,0.275,0.6904296875
633,0.3,0.8564453125
634,0.2,0.0
634,0.225,0.0
634,0.25,0.0
634,0.275,0.69140625
634,0.3,0.8916015625
635,0.2,0.001953125
635,0.225,0.0029296875
635,0.25,0.0
635,0.275,0.71875
635,0.3,0.8701171875
636,0.2,0.0
636,0.225,0.0
636,0.25,0.01171875
636,0.275,0.701171875
636,0.3,0.8486328125
637,0.2,0.0
637,0.225,0.0009765625
637,0.25,0.0185546875
637,0.275,0.64453125
637,0.3,0.890625
638,0.2,0.0
638,0.225,0.0087890625
638,0.25,0.0126953125
638,0.275,0.7197265625
638,0.3,0.876953125
639,0.2,0.00390625
639,0.225,0.0009765625
639,0.25,0.0244140625
639,0.275,0.7666015625
639,0.3,0.8720703125
640,0.2,0.0
640,0.225,0.0
640,0.25,0.0
640,0.275,0.716796875
640,0.3,0.9013671875
641,0.2,0.0
641,0.225,0.0009765625
641,0.25,0.0224609375
641,0.275,0.662109375
641,0.3,0.8720703125
642,0.2,0.0
642,0.225,0.0009765625
642,0.25,0.0224609375
642,0.275,0.6884765625
642,0.3,0.8779296875
643,0.2,0.001953125
643,0.225,0.005859375
643,0.25,0.017578125
643,0.275,0.6552734375
643,0.3,0.8671875
644,0.2,0.0
644,0.225,0.001953125
644,0.25,0.015625
644,0.275,0.6279296875
644,0.3,0.8681640625
645,0.2,0.0
645,0.225,0.0
645,0.25,0.0146484375
645,0.275,0.7509765625
645,0.3,0.86328125
646,0.2,0.0
646,0.225,0.0048828125
646,0.25,0.0068359375
646,0.275,0.7216796875
646,0.3,0.849609375
647,0.2,0.0
647,0.225,0.0
647,0.25,0.0068359375
647,0.275,0.7197265625
647,0.3,0.8505859375
648,0.2,0.0
648,0.225,0.0009765625
648,0.25,0.015625
648,0.275,0.703125
648,0.3,0.8671875
649,0.2,0.0
649,0.225,0.0
649,0.25,0.025390625
649,0.275,0.693359375
649,0.3,0.865234375
650,0.2,0.0
650,0.225,0.00390625
650,0.25,0.044921875
650,0.275,0.6494140625
650,0.3,0.8544921875
651,0.2,0.0
651,0.225,0.0
651,0.25,0.0224609375
651,0.275,0.7060546875
651,0.3,0.8798828125
652,0.2,0.0
652,0.225,0.005859375
652,0.25,0.044921875
652,0.275,0.6748046875
652,0.3,0.87890625
653,0.2,0.0
653,0.225,0.0009765625
653,0.25,0.0
653,0.275,0.626953125
653,0.3,0.880859375
654,0.2,0.0
654,0.225,0.0
654,0.25,0.0029296875
654,0.275,0.7216796875
654,0.3,0.876953125
655,0.2,0.001953125
655,0.225,0.0
655,0.25,0.01171875
655,0.275,0.669921875
655,0.3,0.8525390625
656,0.2,0.0
656,0.225,0.0
656,0.25,0.0
656,0.275,0.7080078125
656,0.3,0.8740234375
657,0.2,0.0
657,0.225,0.0
657,0.25,0.03125
657,0.275,0.685546875
657,0.3,0.8642578125
658,0.2,0.0
658,0.225,0.001953125
658,0.25,0.02734375
658,0.275,0.6650390625
658,0.3,0.8798828125
659,0.2,0.0
659,0.225,0.00390625
659,0.25,0.0234375
659,0.275,0.7236328125
659,0.3,0.8935546875
660,0.2,0.0
660,0.225,0.0
660,0.25,0.0
660,0.275,0.56640625
660,0.3,0.8388671875
661,0.2,0.0
661,0.225,0.0
661,0.25,0.025390625
661,0.275,0.67578125
661,0.3,0.8955078125
662,0.2,0.0009765625
662,0.225,0.0
662,0.25,0.009765625
662,0.275,0.6650390625
662,0.3,0.857421875
663,0.2,0.0
663,0.225,0.0
663,0.25,0.02734375
663,0.275,0.705078125
663,0.3,0.861328125
664,0.2,0.0
664,0.225,0.0
664,0.25,0.0166015625
664,0.275,0.685546875
664,0.3,0.865234375
665,0.2,0.0
665,0.225,0.001953125
665,0.25,0.0244140625
665,0.275,0.6240234375
665,0.3,0.859375
666,0.2,0.0
666,0.225,0.0048828125
666,0.25,0.01953125
666,0.275,0.6611328125
666,0.3,0.8681640625
667,0.2,0.0
667,0.225,0.0
667,0.25,0.0
667,0.275,0.6865234375
667,0.3,0.8876953125
668,0.2,0.0
668,0.225,0.001953125
668,0.25,0.0078125
668,0.275,0.7255859375
668,0.3,0.861328125
669,0.2,0.0
669,0.225,0.00390625
669,0.25,0.01953125
669,0.275,0.6982421875
669,0.3,0.8671875
670,0.2,0.0
670,0.225,0.00390625
670,0.25,0.029296875
670,0.275,0.7275390625
670,0.3,0.8720703125
671,0.2,0.0
671,0.225,0.0
671,0.25,0.025390625
671,0.275,0.6904296875
671,0.3,0.8876953125
672,0.2,0.0
672,0.225,0.0029296875
672,0.25,0.0380859375
672,0.275,0.693359375
672,0.3,0.87109375
673,0.2,0.0029296875
673,0.225,0.0
673,0.25,0.0107421875
673,0.275,0.677734375
673,0.3,0.85546875
674,0.2,0.0
674,0.225,0.0
674,0.25,0.0
674,0.275,0.7080078125
674,0.3,0.8515625
675,0.2,0.0
675,0.225,0.0
675,0.25,0.021484375
675,0.275,0.6953125
675,0.3,0.869140625
676,0.2,0.0
676,0.225,0.0
676,0.25,0.0078125
676,0.275,0.7216796875
676,0.3,0.8798828125
677,0.2,0.0
677,0.225,0.0
677,0.25,0.0078125
677,0.275,0.701171875
677,0.3,0.88671875
678,0.2,0.0
678,0.225,0.0009765625
678,0.25,0.0361328125
678,0.275,0.6748046875
678,0.3,0.8828125
679,0.2,0.0
679,0.225,0.0
679,0.25,0.056640625
679,0.275,0.7158203125
679,0.3,0.8701171875
680,0.2,0.0
680,0.225,0.0
680,0.25,0.0185546875
680,0.275,0.712890625
680,0.3,0.8701171875
681,0.2,0.0
681,0.225,0.0
681,0.25,0.0263671875
681,0.275,0.70703125
681,0.3,0.876953125
682,0.2,0.0009765625
682,0.225,0.0
682,0.25,0.0
682,0.275,0.669921875
682,0.3,0.8671875
683,0.2,0.0
683,0.225,0.0
683,0.25,0.017578125
683,0.275,0.6640625
683,0.3,0.8720703125
684,0.2,0.0
684,0.225,0.0
684,0.25,0.0107421875
684,0.275,0.732421875
684,0.3,0.8623046875
685,0.2,0.0029296875
685,0.225,0.0
685,0.25,0.01953125
685,0.275,0.740234375
685,0.3,0.8466796875
686,0.2,0.0
686,0.225,0.0
686,0.25,0.0576171875
686,0.275,0.748046875
686,0.3,0.8818359375
687,0.2,0.0
687,0.225,0.0
687,0.25,0.0029296875
687,0.275,0.619140625
687,0.3,0.861328125
688,0.2,0.0
688,0.225,0.0
688,0.25,0.0087890625
688,0.275,0.6953125
688,0.3,0.857421875
689,0.2,0.0
689,0.225,0.0029296875
689,0.25,0.0
689,0.275,0.697265625
689,0.3,0.884765625
690,0.2,0.001953125
690,0.225,0.0009765625
690,0.25,0.0458984375
690,0.275,0.7158203125
690,0.3,0.87890625
691,0.2,0.0
691,0.225,0.0078125
691,0.25,0.0146484375
691,0.275,0.72265625
691,0.3,0.87109375
692,0.2,0.0
692,0.225,0.0
692,0.25,0.0
692,0.275,0.70703125
692,0.3,0.8740234375
693,0.2,0.0
693,0.225,0.0146484375
693,0.25,0.0322265625
693,0.275,0.650390625
693,0.3,0.8642578125
694,0.2,0.0
694,0.225,0.0
694,0.25,0.01953125
694,0.275,0.6708984375
694,0.3,0.8828125
695,0.2,0.0
695,0.225,0.0
695,0.25,0.005859375
695,0.275,0.7177734375
695,0.3,0.8828125
696,0.2,0.0
696,0.225,0.0
696,0.25,0.0
696,0.275,0.7158203125
696,0.3,0.865234375
697,0.2,0.0
697,0.225,0.0
697,0.25,0.00390625
697,0.275,0.685546875
697,0.3,0.8583984375
698,0.2,0.0
698,0.225,0.0048828125
698,0.25,0.0234375
698,0.275,0.6796875
698,0.3,0.8740234375
699,0.2,0.0
699,0.225,0.0
699,0.25,0.0078125
699,0.275,0.6884765625
699,0.3,0.8720703125
700,0.2,0.0
700,0.225,0.0
700,0.25,0.0146484375
700,0.275,0.693359375
700,0.3,0.876953125
701,0.2,0.0
701,0.225,0.0029296875
701,0.25,0.01953125
701,0.275,0.6826171875
701,0.3,0.849609375
702,0.2,0.0
702,0.225,0.0009765625
702,0.25,0.0234375
702,0.275,0.673828125
702,0.3,0.8427734375
703,0.2,0.0
703,0.225,0.0048828125
703,0.25,0.0185546875
703,0.275,0.7109375
703,0.3,0.8701171875
704,0.2,0.0
704,0.225,0.0
704,0.25,0.0029296875
704,0.275,0.724609375
704,0.3,0.8583984375
705,0.2,0.0
705,0.225,0.0068359375
705,0.25,0.017578125
705,0.275,0.7119140625
705,0.3,0.8603515625
706,0.2,0.0
706,0.225,0.0
706,0.25,0.0224609375
706,0.275,0.6552734375
706,0.3,0.8505859375
707,0.2,0.0
707,0.225,0.0
707,0.25,0.0087890625
707,0.275,0.6416015625
707,0.3,0.87109375
708,0.2,0.0
708,0.225,0.0009765625
708,0.25,0.0234375
708,0.275,0.6845703125
708,0.3,0.8642578125
709,0.2,0.0
709,0.225,0.0048828125
709,0.25,0.0166015625
709,0.275,0.693359375
709,0.3,0.8623046875
710,0.2,0.0
710,0.225,0.0
710,0.25,0.0068359375
710,0.275,0.703125
710,0.3,0.85546875
711,0.2,0.0
711,0.225,0.0107421875
711,0.25,0.0224609375
711,0.275,0.732421875
711,0.3,0.8623046875
712,0.2,0.0
712,0.225,0.0
712,0.25,0.021484375
712,0.275,0.7021484375
712,0.3,0.8662109375
713,0.2,0.0
713,0.225,0.001953125
713,0.25,0.0302734375
713,0.275,0.677734375
713,0.3,0.84765625
714,0.2,0.0
714,0.225,0.0
714,0.25,0.0
714,0.275,0.7060546875
714,0.3,0.8720703125
715,0.2,0.0
715,0.225,0.0
715,0.25,0.013671875
715,0.275,0.66796875
715,0.3,0.8671875
716,0.2,0.0
716,0.225,0.001953125
716,0.25,0.0
716,0.275,0.68359375
716,0.3,0.8505859375
717,0.2,0.0
717,0.225,0.0
717,0.25,0.0
717,0.275,0.705078125
717,0.3,0.875
718,0.2,0.0
718,0.225,0.0
718,0.25,0.0166015625
718,0.275,0.66015625
718,0.3,0.859375
719,0.2,0.0
719,0.225,0.0029296875
719,0.25,0.0087890625
719,0.275,0.6572265625
719,0.3,0.884765625
720,0.2,0.0
720,0.225,0.0
720,0.25,0.03125
720,0.275,0.654296875
720,0.3,0.884765625
721,0.2,0.0
721,0.225,0.0
721,0.25,0.0185546875
721,0.275,0.69921875
721,0.3,0.8916015625
722,0.2,0.0
722,0.225,0.0
722,0.25,0.02734375
722,0.275,0.73046875
722,0.3,0.859375
723,0.2,0.0
723,0.225,0.0
723,0.25,0.0048828125
723,0.275,0.740234375
723,0.3,0.87890625
724,0.2,0.0
724,0.225,0.0
724,0.25,0.025390625
724,0.275,0.6630859375
724,0.3,0.8427734375
725,0.2,0.0
725,0.225,0.0
725,0.25,0.048828125
725,0.275,0.6181640625
725,0.3,0.87890625
726,0.2,0.0
726,0.225,0.0
726,0.25,0.0263671875
726,0.275,0.666015625
726,0.3,0.87890625
727,0.2,0.0
727,0.225,0.0
727,0.25,0.001953125
727,0.275,0.6650390625
727,0.3,0.8740234375
728,0.2,0.0009765625
728,0.225,0.0
728,0.25,0.0185546875
728,0.275,0.7197265625
728,0.3,0.87890625
729,0.2,0.0
729,0.225,0.0
729,0.25,0.0
729,0.275,0.6826171875
729,0.3,0.86328125
730,0.2,0.0
730,0.225,0.0048828125
730,0.25,0.0048828125
730,0.275,0.767578125
730,0.3,0.8837890625
731,0.2,0.0
731,0.225,0.0
731,0.25,0.021484375
731,0.275,0.7421875
731,0.3,0.884765625
732,0.2,0.0
732,0.225,0.0029296875
732,0.25,0.04296875
732,0.275,0.7080078125
732,0.3,0.884765625
733,0.2,0.001953125
733,0.225,0.00390625
733,0.25,0.017578125
733,0.275,0.712890625
733,0.3,0.8798828125
734,0.2,0.0
734,0.225,0.00390625
734,0.25,0.0146484375
734,0.275,0.728515625
734,0.3,0.8623046875
735,0.2,0.0
735,0.225,0.0
735,0.25,0.0146484375
735,0.275,0.7177734375
735,0.3,0.8828125
736,0.2,0.0
736,0.225,0.00390625
736,0.25,0.03125
736,0.275,0.701171875
736,0.3,0.8740234375
737,0.2,0.0
737,0.225,0.0
737,0.25,0.0107421875
737,0.275,0.646484375
737,0.3,0.8759765625
738,0.2,0.0
738,0.225,0.0
738,0.25,0.0068359375
738,0.275,0.7265625
738,0.3,0.8623046875
739,0.2,0.0
739,0.225,0.0048828125
739,0.25,0.013671875
739,0.275,0.7041015625
739,0.3,0.8896484375
740,0.2,0.0
740,0.225,0.0009765625
740,0.25,0.013671875
740,0.275,0.703125
740,0.3,0.8662109375
741,0.2,0.0
741,0.225,0.0068359375
741,0.25,0.0302734375
741,0.275,0.6552734375
741,0.3,0.849609375
742,0.2,0.0
742,0.225,0.0048828125
742,0.25,0.015625
742,0.275,0.732421875
742,0.3,0.8837890625
743,0.2,0.0
743,0.225,0.0
743,0.25,0.0244140625
743,0.275,0.6982421875
743,0.3,0.857421875
744,0.2,0.0
744,0.225,0.0
744,0.25,0.0048828125
744,0.275,0.705078125
744,0.3,0.8798828125
745,0.2,0.0
745,0.225,0.0
745,0.25,0.0087890625
745,0.275,0.6962890625
745,0.3,0.892578125
746,0.2,0.0
746,0.225,0.0009765625
746,0.25,0.0322265625
746,0.275,0.71875
746,0.3,0.8779296875
747,0.2,0.0
747,0.225,0.0029296875
747,0.25,0.021484375
747,0.275,0.7294921875
747,0.3,0.9013671875
748,0.2,0.0
748,0.225,0.0
748,0.25,0.0234375
748,0.275,0.677734375
748,0.3,0.8740234375
749,0.2,0.0
749,0.225,0.0
749,0.25,0.017578125
749,0.275,0.67578125
749,0.3,0.8837890625
750,0.2,0.0
750,0.225,0.005859375
750,0.25,0.0078125
750,0.275,0.76171875
750,0.3,0.8837890625
751,0.2,0.0
751,0.225,0.0
751,0.25,0.0068359375
751,0.275,0.7216796875
751,0.3,0.8642578125
752,0.2,0.0029296875
752,0.225,0.0
752,0.25,0.01953125
752,0.275,0.73046875
752,0.3,0.8818359375
753,0.2,0.0
753,0.225,0.0
753,0.25,0.0322265625
753,0.275,0.7060546875
753,0.3,0.876953125
754,0.2,0.00390625
754,0.225,0.0029296875
754,0.25,0.01171875
754,0.275,0.69921875
754,0.3,0.8505859375
755,0.2,0.0
755,0.225,0.0
755,0.25,0.05078125
755,0.275,0.7333984375
755,0.3,0.869140625
756,0.2,0.0029296875
756,0.225,0.0009765625
756,0.25,0.0
756,0.275,0.662109375
756,0.3,0.8544921875
757,0.2,0.0
757,0.225,0.0
757,0.25,0.0205078125
757,0.275,0.6787109375
757,0.3,0.8681640625
758,0.2,0.0
758,0.225,0.0048828125
758,0.25,0.03125
758,0.275,0.69921875
758,0.3,0.8681640625
759,0.2,0.0
759,0.225,0.00390625
759,0.25,0.0205078125
759,0.275,0.7041015625
759,0.3,0.861328125
760,0.2,0.0
760,0.225,0.0048828125
760,0.25,0.0
760,0.275,0.7158203125
760,0.3,0.875
761,0.2,0.0
761,0.225,0.0
761,0.25,0.01171875
761,0.275,0.68359375
761,0.3,0.8876953125
762,0.2,0.0
762,0.225,0.0029296875
762,0.25,0.0126953125
762,0.275,0.7158203125
762,0.3,0.8779296875
763,0.2,0.0
763,0.225,0.0
763,0.25,0.0
763,0.275,0.7216796875
763,0.3,0.8623046875
764,0.2,0.0
764,0.225,0.0
764,0.25,0.046875
764,0.275,0.7236328125
764,0.3,0.8681640625
765,0.2,0.0
765,0.225,0.0
765,0.25,0.0380859375
765,0.275,0.7294921875
765,0.3,0.84765625
766,0.2,0.0
766,0.225,0.005859375
766,0.25,0.0126953125
766,0.275,0.6474609375
766,0.3,0.876953125
767,0.2,0.0
767,0.225,0.0
767,0.25,0.025390625
767,0.275,0.66796875
767,0.3,0.865234375
768,0.2,0.001953125
768,0.225,0.0
768,0.25,0.015625
768,0.275,0.7197265625
768,0.3,0.8623046875
769,0.2,0.0
769,0.225,0.0009765625
769,0.25,0.01171875
769,0.275,0.6982421875
769,0.3,0.8525390625
770,0.2,0.0
770,0.225,0.0009765625
770,0.25,0.025390625
770,0.275,0.720703125
770,0.3,0.875
771,0.2,0.0
771,0.225,0.005859375
771,0.25,0.0
771,0.275,0.6728515625
771,0.3,0.880859375
772,0.2,0.0
772,0.225,0.0029296875
772,0.25,0.009765625
772,0.275,0.6201171875
772,0.3,0.861328125
773,0.2,0.0
773,0.225,0.0
773,0.25,0.0205078125
773,0.275,0.7001953125
773,0.3,0.8740234375
774,0.2,0.0
774,0.225,0.01171875
774,0.25,0.021484375
774,0.275,0.69140625
774,0.3,0.861328125
775,0.2,0.0
775,0.225,0.0029296875
775,0.25,0.029296875
775,0.275,0.71484375
775,0.3,0.8876953125
776,0.2,0.0
776,0.225,0.0
776,0.25,0.01171875
776,0.275,0.763671875
776,0.3,0.8818359375
777,0.2,0.0
777,0.225,0.0
777,0.25,0.0068359375
777,0.275,0.70703125
777,0.3,0.86328125
778,0.2,0.0009765625
778,0.225,0.0
778,0.25,0.0
778,0.275,0.716796875
778,0.3,0.87109375
779,0.2,0.0
779,0.225,0.0
779,0.25,0.0
779,0.275,0.6728515625
779,0.3,0.8681640625
780,0.2,0.0
780,0.225,0.0
780,0.25,0.0205078125
780,0.275,0.658203125
780,0.3,0.8779296875
781,0.2,0.0
781,0.225,0.0
781,0.25,0.0
781,0.275,0.703125
781,0.3,0.87890625
782,0.2,0.0
782,0.225,0.0
782,0.25,0.02734375
782,0.275,0.6708984375
782,0.3,0.8740234375
783,0.2,0.0
783,0.225,0.0029296875
783,0.25,0.0263671875
783,0.275,0.7041015625
783,0.3,0.865234375
784,0.2,0.0009765625
784,0.225,0.00390625
784,0.25,0.0126953125
784,0.275,0.7158203125
784,0.3,0.8671875
785,0.2,0.0
785,0.225,0.0048828125
785,0.25,0.01171875
785,0.275,0.70703125
785,0.3,0.892578125
786,0.2,0.0
786,0.225,0.0029296875
786,0.25,0.0107421875
786,0.275,0.7021484375
786,0.3,0.8466796875
787,0.2,0.0
787,0.225,0.0
787,0.25,0.0
787,0.275,0.6767578125
787,0.3,0.869140625
788,0.2,0.0
788,0.225,0.0029296875
788,0.25,0.0078125
788,0.275,0.73046875
788,0.3,0.8603515625
789,0.2,0.0
789,0.225,0.0
789,0.25,0.0234375
789,0.275,0.7158203125
789,0.3,0.884765625
790,0.2,0.0
790,0.225,0.0
790,0.25,0.021484375
790,0.275,0.7294921875
790,0.3,0.8564453125
791,0.2,0.0029296875
791,0.225,0.009765625
791,0.25,0.041015625
791,0.275,0.7373046875
791,0.3,0.857421875
792,0.2,0.0
792,0.225,0.0
792,0.25,0.0166015625
792,0.275,0.6904296875
792,0.3,0.873046875
793,0.2,0.0
793,0.225,0.0
793,0.25,0.0048828125
793,0.275,0.7177734375
793,0.3,0.8671875
794,0.2,0.0
794,0.225,0.0
794,0.25,0.0126953125
794,0.275,0.681640625
794,0.3,0.8720703125
795,0.2,0.0
795,0.225,0.0029296875
795,0.25,0.00390625
795,0.275,0.6884765625
795,0.3,0.8583984375
796,0.2,0.0
796,0.225,0.0
796,0.25,0.0205078125
796,0.275,0.693359375
796,0.3,0.87109375
797,0.2,0.0
797,0.225,0.0
797,0.25,0.0166015625
797,0.275,0.6689453125
797,0.3,0.849609375
798,0.2,0.0
798,0.225,0.0009765625
798,0.25,0.0048828125
798,0.275,0.6708984375
798,0.3,0.8818359375
799,0.2,0.0
799,0.225,0.0
799,0.25,0.0
799,0.275,0.7451171875
799,0.3,0.8701171875
800,0.2,0.0
800,0.225,0.00390625
800,0.25,0.0107421875
800,0.275,0.7236328125
800,0.3,0.892578125
801,0.2,0.0
801,0.225,0.001953125
801,0.25,0.013671875
801,0.275,0.70703125
801,0.3,0.8505859375
802,0.2,0.0
802,0.225,0.0029296875
802,0.25,0.009765625
802,0.275,0.6904296875
802,0.3,0.8486328125
803,0.2,0.0
803,0.225,0.001953125
803,0.25,0.0166015625
803,0.275,0.681640625
803,0.3,0.8828125
804,0.2,0.0
804,0.225,0.0
804,0.25,0.0
804,0.275,0.666015625
804,0.3,0.884765625
805,0.2,0.0
805,0.225,0.0
805,0.25,0.0078125
805,0.275,0.673828125
805,0.3,0.869140625
806,0.2,0.0
806,0.225,0.00390625
806,0.25,0.0
806,0.275,0.6884765625
806,0.3,0.873046875
807,0.2,0.0009765625
807,0.225,0.0
807,0.25,0.0185546875
807,0.275,0.6865234375
807,0.3,0.8671875
808,0.2,0.0
808,0.225,0.0
808,0.25,0.0
808,0.275,0.7109375
808,0.3,0.857421875
809,0.2,0.0
809,0.225,0.00390625
809,0.25,0.0068359375
809,0.275,0.693359375
809,0.3,0.8662109375
810,0.2,0.0
810,0.225,0.01171875
810,0.25,0.01171875
810,0.275,0.642578125
810,0.3,0.8642578125
811,0.2,0.0
811,0.225,0.0
811,0.25,0.0
811,0.275,0.6611328125
811,0.3,0.8681640625
812,0.2,0.0
812,0.225,0.001953125
812,0.25,0.0185546875
812,0.275,0.6943359375
812,0.3,0.880859375
813,0.2,0.0
813,0.225,0.0009765625
813,0.25,0.064453125
813,0.275,0.677734375
813,0.3,0.8779296875
814,0.2,0.0
814,0.225,0.0
814,0.25,0.046875
814,0.275,0.70703125
814,0.3,0.87890625
815,0.2,0.0
815,0.225,0.0
815,0.25,0.0
815,0.275,0.681640625
815,0.3,0.865234375
816,0.2,0.0
816,0.225,0.0
816,0.25,0.0126953125
816,0.275,0.7109375
816,0.3,0.8798828125
817,0.2,0.0009765625
817,0.225,0.0087890625
817,0.25,0.017578125
817,0.275,0.634765625
817,0.3,0.8740234375
818,0.2,0.0
818,0.225,0.0
818,0.25,0.025390625
818,0.275,0.6689453125
818,0.3,0.8466796875
819,0.2,0.0
819,0.225,0.0
819,0.25,0.0146484375
819,0.275,0.734375
819,0.3,0.8525390625
820,0.2,0.0
820,0.225,0.0029296875
820,0.25,0.0185546875
820,0.275,0.677734375
820,0.3,0.865234375
821,0.2,0.0
821,0.225,0.0
821,0.25,0.041015625
821,0.275,0.7216796875
821,0.3,0.8759765625
822,0.2,0.0
822,0.225,0.0
822,0.25,0.017578125
822,0.275,0.6552734375
822,0.3,0.87109375
823,0.2,0.0
823,0.225,0.0009765625
823,0.25,0.00390625
823,0.275,0.6845703125
823,0.3,0.8505859375
824,0.2,0.0
824,0.225,0.001953125
824,0.25,0.0126953125
824,0.275,0.71484375
824,0.3,0.8798828125
825,0.2,0.0
825,0.225,0.0029296875
825,0.25,0.0283203125
825,0.275,0.7294921875
825,0.3,0.8720703125
826,0.2,0.0
826,0.225,0.0048828125
826,0.25,0.0126953125
826,0.275,0.7197265625
826,0.3,0.8759765625
827,0.2,0.0
827,0.225,0.0009765625
827,0.25,0.0
827,0.275,0.6845703125
827,0.3,0.857421875
828,0.2,0.0
828,0.225,0.0
828,0.25,0.0302734375
828,0.275,0.7158203125
828,0.3,0.8720703125
829,0.2,0.0
829,0.225,0.0048828125
829,0.25,0.0
829,0.275,0.6396484375
829,0.3,0.86328125
830,0.2,0.0
830,0.225,0.0029296875
830,0.25,0.0087890625
830,0.275,0.6416015625
830,0.3,0.8603515625
831,0.2,0.0
831,0.225,0.0
831,0.25,0.0126953125
831,0.275,0.7236328125
831,0.3,0.8701171875
832,0.2,0.0
832,0.225,0.005859375
832,0.25,0.064453125
832,0.275,0.69140625
832,0.3,0.8876953125
833,0.2,0.0
833,0.225,0.0029296875
833,0.25,0.0126953125
833,0.275,0.6982421875
833,0.3,0.8623046875
834,0.2,0.0
834,0.225,0.0
834,0.25,0.017578125
834,0.275,0.7138671875
834,0.3,0.880859375
835,0.2,0.0
835,0.225,0.005859375
835,0.25,0.0126953125
835,0.275,0.6982421875
835,0.3,0.8857421875
836,0.2,0.0
836,0.225,0.0
836,0.25,0.0
836,0.275,0.7001953125
836,0.3,0.8642578125
837,0.2,0.0
837,0.225,0.001953125
837,0.25,0.0
837,0.275,0.7314453125
837,0.3,0.87890625
838,0.2,0.0
838,0.225,0.0
838,0.25,0.0048828125
838,0.275,0.6748046875
838,0.3,0.861328125
839,0.2,0.0
839,0.225,0.0029296875
839,0.25,0.01953125
839,0.275,0.703125
839,0.3,0.8623046875
840,0.2,0.0
840,0.225,0.0009765625
840,0.25,0.015625
840,0.275,0.6787109375
840,0.3,0.888671875
841,0.2,0.0
841,0.225,0.0
841,0.25,0.01171875
841,0.275,0.72265625
841,0.3,0.8662109375
842,0.2,0.001953125
842,0.225,0.0
842,0.25,0.0
842,0.275,0.7138671875
842,0.3,0.8544921875
843,0.2,0.0029296875
843,0.225,0.00390625
843,0.25,0.0
843,0.275,0.7158203125
843,0.3,0.8759765625
844,0.2,0.0
844,0.225,0.0
844,0.25,0.0126953125
844,0.275,0.6396484375
844,0.3,0.8544921875
845,0.2,0.0
845,0.225,0.0
845,0.25,0.0234375
845,0.275,0.7021484375
845,0.3,0.857421875
846,0.2,0.0
846,0.225,0.0
846,0.25,0.01171875
846,0.275,0.732421875
846,0.3,0.8720703125
847,0.2,0.0
847,0.225,0.0
847,0.25,0.0205078125
847,0.275,0.7099609375
847,0.3,0.8623046875
848,0.2,0.0
848,0.225,0.0
848,0.25,0.01171875
848,0.275,0.66796875
848,0.3,0.8837890625
849,0.2,0.0
849,0.225,0.0
849,0.25,0.0302734375
849,0.275,0.69921875
849,0.3,0.8779296875
850,0.2,0.0
850,0.225,0.0
850,0.25,0.0
850,0.275,0.7392578125
850,0.3,0.8662109375
851,0.2,0.0
851,0.225,0.0
851,0.25,0.01171875
851,0.275,0.7333984375
851,0.3,0.849609375
852,0.2,0.0
852,0.225,0.0
852,0.25,0.037109375
852,0.275,0.6630859375
852,0.3,0.8642578125
853,0.2,0.0
853,0.225,0.0029296875
853,0.25,0.04296875
853,0.275,0.7177734375
853,0.3,0.841796875
854,0.2,0.0
854,0.225,0.0
854,0.25,0.01953125
854,0.275,0.6728515625
854,0.3,0.86328125
855,0.2,0.0
855,0.225,0.0009765625
855,0.25,0.01953125
855,0.275,0.6982421875
855,0.3,0.8740234375
856,0.2,0.00390625
856,0.225,0.0009765625
856,0.25,0.0380859375
856,0.275,0.771484375
856,0.3,0.86328125
857,0.2,0.0
857,0.225,0.0
857,0.25,0.0439453125
857,0.275,0.716796875
857,0.3,0.876953125
858,0.2,0.0
858,0.225,0.0
858,0.25,0.0
858,0.275,0.7197265625
858,0.3,0.8837890625
859,0.2,0.0
859,0.225,0.0009765625
859,0.25,0.005859375
859,0.275,0.7197265625
859,0.3,0.8642578125
860,0.2,0.0
860,0.225,0.0
860,0.25,0.0
860,0.275,0.6630859375
860,0.3,0.859375
861,0.2,0.0
861,0.225,0.0
861,0.25,0.02734375
861,0.275,0.67578125
861,0.3,0.87890625
862,0.2,0.0
862,0.225,0.001953125
862,0.25,0.0078125
862,0.275,0.6787109375
862,0.3,0.861328125
863,0.2,0.0
863,0.225,0.001953125
863,0.25,0.0205078125
863,0.275,0.6904296875
863,0.3,0.8701171875
864,0.2,0.0
864,0.225,0.0
864,0.25,0.0
864,0.275,0.724609375
864,0.3,0.8564453125
865,0.2,0.0
865,0.225,0.0
865,0.25,0.0126953125
865,0.275,0.71875
865,0.3,0.8662109375
866,0.2,0.0
866,0.225,0.0
866,0.25,0.0
866,0.275,0.6826171875
866,0.3,0.8642578125
867,0.2,0.0
867,0.225,0.0009765625
867,0.25,0.0185546875
867,0.275,0.748046875
867,0.3,0.875
868,0.2,0.0
868,0.225,0.00390625
868,0.25,0.0087890625
868,0.275,0.6943359375
868,0.3,0.8876953125
869,0.2,0.0
869,0.225,0.0
869,0.25,0.0
869,0.275,0.7333984375
869,0.3,0.876953125
870,0.2,0.0
870,0.225,0.0
870,0.25,0.04296875
870,0.275,0.677734375
870,0.3,0.87890625
871,0.2,0.0
871,0.225,0.0
871,0.25,0.017578125
871,0.275,0.611328125
871,0.3,0.8857421875
872,0.2,0.0029296875
872,0.225,0.0
872,0.25,0.0234375
872,0.275,0.69140625
872,0.3,0.87109375
873,0.2,0.0
873,0.225,0.0
873,0.25,0.0068359375
873,0.275,0.728515625
873,0.3,0.8740234375
874,0.2,0.0
874,0.225,0.001953125
874,0.25,0.0234375
874,0.275,0.65625
874,0.3,0.8603515625
875,0.2,0.0
875,0.225,0.0
875,0.25,0.0185546875
875,0.275,0.712890625
875,0.3,0.8671875
876,0.2,0.0
876,0.225,0.0029296875
876,0.25,0.0
876,0.275,0.7158203125
876,0.3,0.8662109375
877,0.2,0.0
877,0.225,0.005859375
877,0.25,0.0
877,0.275,0.6806640625
877,0.3,0.8798828125
878,0.2,0.0
878,0.225,0.0
878,0.25,0.0078125
878,0.275,0.6865234375
878,0.3,0.87890625
879,0.2,0.0
879,0.225,0.001953125
879,0.25,0.0
879,0.275,0.70703125
879,0.3,0.85546875
880,0.2,0.0029296875
880,0.225,0.0
880,0.25,0.0146484375
880,0.275,0.73046875
880,0.3,0.86328125
881,0.2,0.0
881,0.225,0.0
881,0.25,0.009765625
881,0.275,0.7275390625
881,0.3,0.8759765625
882,0.2,0.0
882,0.225,0.0029296875
882,0.25,0.0
882,0.275,0.7119140625
882,0.3,0.8740234375
883,0.2,0.0
883,0.225,0.001953125
883,0.25,0.01953125
883,0.275,0.7158203125
883,0.3,0.873046875
884,0.2,0.0
884,0.225,0.0
884,0.25,0.0126953125
884,0.275,0.5986328125
884,0.3,0.8720703125
885,0.2,0.0
885,0.225,0.0
885,0.25,0.0224609375
885,0.275,0.7353515625
885,0.3,0.876953125
886,0.2,0.0
886,0.225,0.0048828125
886,0.25,0.00390625
886,0.275,0.5810546875
886,0.3,0.8486328125
887,0.2,0.0009765625
887,0.225,0.0
887,0.25,0.0185546875
887,0.275,0.6845703125
887,0.3,0.8876953125
888,0.2,0.0
888,0.225,0.0
888,0.25,0.0
888,0.275,0.5986328125
888,0.3,0.8740234375
889,0.2,0.0029296875
889,0.225,0.0
889,0.25,0.0126953125
889,0.275,0.6884765625
889,0.3,0.8740234375
890,0.2,0.0
890,0.225,0.0
890,0.25,0.0
890,0.275,0.72265625
890,0.3,0.87109375
891,0.2,0.0
891,0.225,0.0
891,0.25,0.0
891,0.275,0.666015625
891,0.3,0.8662109375
892,0.2,0.0
892,0.225,0.0
892,0.25,0.0
892,0.275,0.701171875
892,0.3,0.853515625
893,0.2,0.0
893,0.225,0.0
893,0.25,0.0244140625
893,0.275,0.7470703125
893,0.3,0.865234375
894,0.2,0.0
894,0.225,0.0
894,0.25,0.0
894,0.275,0.69921875
894,0.3,0.84765625
895,0.2,0.0
895,0.225,0.0
895,0.25,0.099609375
895,0.275,0.6728515625
895,0.3,0.876953125
896,0.2,0.0
896,0.225,0.0
896,0.25,0.033203125
896,0.275,0.7490234375
896,0.3,0.87890625
897,0.2,0.0
897,0.225,0.0
897,0.25,0.00390625
897,0.275,0.7001953125
897,0.3,0.861328125
898,0.2,0.0
898,0.225,0.0
898,0.25,0.0068359375
898,0.275,0.7470703125
898,0.3,0.8818359375
899,0.2,0.0
899,0.225,0.013671875
899,0.25,0.0
899,0.275,0.7158203125
899,0.3,0.8720703125
900,0.2,0.0
900,0.225,0.0
900,0.25,0.005859375
900,0.275,0.6474609375
900,0.3,0.8642578125
901,0.2,0.0
901,0.225,0.0
901,0.25,0.0224609375
901,0.275,0.7216796875
901,0.3,0.84765625
902,0.2,0.0
902,0.225,0.001953125
902,0.25,0.005859375
902,0.275,0.7314453125
902,0.3,0.865234375
903,0.2,0.001953125
903,0.225,0.0068359375
903,0.25,0.021484375
903,0.275,0.681640625
903,0.3,0.875
904,0.2,0.0
904,0.225,0.0
904,0.25,0.0
904,0.275,0.7060546875
904,0.3,0.8701171875
905,0.2,0.0
905,0.225,0.0048828125
905,0.25,0.0068359375
905,0.275,0.6943359375
905,0.3,0.8623046875
906,0.2,0.001953125
906,0.225,0.0009765625
906,0.25,0.01171875
906,0.275,0.681640625
906,0.3,0.875
907,0.2,0.0
907,0.225,0.0009765625
907,0.25,0.0185546875
907,0.275,0.654296875
907,0.3,0.8583984375
908,0.2,0.0
908,0.225,0.0
908,0.25,0.0322265625
908,0.275,0.693359375
908,0.3,0.876953125
909,0.2,0.0
909,0.225,0.0029296875
909,0.25,0.0
909,0.275,0.6953125
909,0.3,0.87890625
910,0.2,0.0
910,0.225,0.0029296875
910,0.25,0.0146484375
910,0.275,0.6875
910,0.3,0.8642578125
911,0.2,0.0
911,0.225,0.0
911,0.25,0.005859375
911,0.275,0.7255859375
911,0.3,0.84765625
912,0.2,0.001953125
912,0.225,0.0078125
912,0.25,0.05859375
912,0.275,0.701171875
912,0.3,0.8623046875
913,0.2,0.0
913,0.225,0.0
913,0.25,0.0
913,0.275,0.7236328125
913,0.3,0.865234375
914,0.2,0.0029296875
914,0.225,0.001953125
914,0.25,0.0078125
914,0.275,0.7177734375
914,0.3,0.8857421875
915,0.2,0.0
915,0.225,0.0
915,0.25,0.0078125
915,0.275,0.6181640625
915,0.3,0.8623046875
916,0.2,0.0
916,0.225,0.0
916,0.25,0.013671875
916,0.275,0.6689453125
916,0.3,0.875
917,0.2,0.0009765625
917,0.225,0.0
917,0.25,0.0087890625
917,0.275,0.6728515625
917,0.3,0.8759765625
918,0.2,0.0
918,0.225,0.0
918,0.25,0.005859375
918,0.275,0.736328125
918,0.3,0.873046875
919,0.2,0.0
919,0.225,0.0
919,0.25,0.0
919,0.275,0.728515625
919,0.3,0.87109375
920,0.2,0.0
920,0.225,0.0009765625
920,0.25,0.0205078125
920,0.275,0.6904296875
920,0.3,0.859375
921,0.2,0.0
921,0.225,0.0
921,0.25,0.0068359375
921,0.275,0.7314453125
921,0.3,0.8701171875
922,0.2,0.0
922,0.225,0.0
922,0.25,0.0283203125
922,0.275,0.69921875
922,0.3,0.84765625
923,0.2,0.0
923,0.225,0.0068359375
923,0.25,0.005859375
923,0.275,0.7333984375
923,0.3,0.875
924,0.2,0.0
924,0.225,0.0
924,0.25,0.0654296875
924,0.275,0.69921875
924,0.3,0.875
925,0.2,0.0
925,0.225,0.0
925,0.25,0.046875
925,0.275,0.7255859375
925,0.3,0.87890625
926,0.2,0.0
926,0.225,0.0
926,0.25,0.013671875
926,0.275,0.6982421875
926,0.3,0.876953125
927,0.2,0.0
927,0.225,0.0
927,0.25,0.0322265625
927,0.275,0.6181640625
927,0.3,0.86328125
928,0.2,0.0
928,0.225,0.0
928,0.25,0.0048828125
928,0.275,0.6875
928,0.3,0.8603515625
929,0.2,0.0
929,0.225,0.0
929,0.25,0.015625
929,0.275,0.68359375
929,0.3,0.8603515625
930,0.2,0.0
930,0.225,0.0009765625
930,0.25,0.0068359375
930,0.275,0.677734375
930,0.3,0.8720703125
931,0.2,0.0
931,0.225,0.0009765625
931,0.25,0.05859375
931,0.275,0.68359375
931,0.3,0.8740234375
932,0.2,0.0
932,0.225,0.0
932,0.25,0.0
932,0.275,0.712890625
932,0.3,0.87890625
933,0.2,0.0
933,0.225,0.0
933,0.25,0.02734375
933,0.275,0.681640625
933,0.3,0.8935546875
934,0.2,0.0
934,0.225,0.0
934,0.25,0.0078125
934,0.275,0.6630859375
934,0.3,0.86328125
935,0.2,0.0
935,0.225,0.0
935,0.25,0.0
935,0.275,0.6376953125
935,0.3,0.8701171875
936,0.2,0.0
936,0.225,0.0029296875
936,0.25,0.0498046875
936,0.275,0.7138671875
936,0.3,0.8603515625
937,0.2,0.0
937,0.225,0.0048828125
937,0.25,0.0048828125
937,0.275,0.666015625
937,0.3,0.8740234375
938,0.2,0.0
938,0.225,0.0
938,0.25,0.0146484375
938,0.275,0.7099609375
938,0.3,0.8779296875
939,0.2,0.0
939,0.225,0.00390625
939,0.25,0.021484375
939,0.275,0.6982421875
939,0.3,0.869140625
940,0.2,0.0
940,0.225,0.0
940,0.25,0.0
940,0.275,0.671875
940,0.3,0.857421875
941,0.2,0.0
941,0.225,0.0
941,0.25,0.0048828125
941,0.275,0.755859375
941,0.3,0.8544921875
942,0.2,0.0
942,0.225,0.0
942,0.25,0.013671875
942,0.275,0.7392578125
942,0.3,0.861328125
943,0.2,0.0029296875
943,0.225,0.0
943,0.25,0.0078125
943,0.275,0.6953125
943,0.3,0.876953125
944,0.2,0.0
944,0.225,0.0
944,0.25,0.017578125
944,0.275,0.7294921875
944,0.3,0.8896484375
945,0.2,0.0
945,0.225,0.0
945,0.25,0.0048828125
945,0.275,0.7412109375
945,0.3,0.8916015625
946,0.2,0.0
946,0.225,0.0029296875
946,0.25,0.0146484375
946,0.275,0.6708984375
946,0.3,0.8779296875
947,0.2,0.0
947,0.225,0.0048828125
947,0.25,0.013671875
947,0.275,0.6728515625
947,0.3,0.876953125
948,0.2,0.0
948,0.225,0.0
948,0.25,0.0205078125
948,0.275,0.73828125
948,0.3,0.8515625
949,0.2,0.0
949,0.225,0.0
949,0.25,0.0830078125
949,0.275,0.7236328125
949,0.3,0.8837890625
950,0.2,0.0029296875
950,0.225,0.0
950,0.25,0.0205078125
950,0.275,0.6826171875
950,0.3,0.8837890625
951,0.2,0.0
951,0.225,0.0
951,0.25,0.0
951,0.275,0.7041015625
951,0.3,0.8818359375
952,0.2,0.0
952,0.225,0.0
952,0.25,0.02734375
952,0.275,0.705078125
952,0.3,0.873046875
953,0.2,0.0
953,0.225,0.0
953,0.25,0.0322265625
953,0.275,0.68359375
953,0.3,0.8662109375
954,0.2,0.0
954,0.225,0.00390625
954,0.25,0.0087890625
954,0.275,0.6513671875
954,0.3,0.865234375
955,0.2,0.0
955,0.225,0.0
955,0.25,0.013671875
955,0.275,0.6923828125
955,0.3,0.8671875
956,0.2,0.0
956,0.225,0.0
956,0.25,0.01171875
956,0.275,0.6728515625
956,0.3,0.8671875
957,0.2,0.0
957,0.225,0.0
957,0.25,0.0146484375
957,0.275,0.7197265625
957,0.3,0.8857421875
958,0.2,0.0
958,0.225,0.0
958,0.25,0.0
958,0.275,0.701171875
958,0.3,0.8701171875
959,0.2,0.0
959,0.225,0.0
959,0.25,0.0
959,0.275,0.6943359375
959,0.3,0.8984375
960,0.2,0.0
960,0.225,0.0
960,0.25,0.005859375
960,0.275,0.701171875
960,0.3,0.8857421875
961,0.2,0.0
961,0.225,0.0029296875
961,0.25,0.0
961,0.275,0.6865234375
961,0.3,0.8837890625
962,0.2,0.0
962,0.225,0.005859375
962,0.25,0.0244140625
962,0.275,0.744140625
962,0.3,0.8603515625
963,0.2,0.0
963,0.225,0.0048828125
963,0.25,0.0
963,0.275,0.712890625
963,0.3,0.8671875
964,0.2,0.0
964,0.225,0.0
964,0.25,0.0029296875
964,0.275,0.6875
964,0.3,0.8544921875
965,0.2,0.0
965,0.225,0.0068359375
965,0.25,0.0078125
965,0.275,0.6484375
965,0.3,0.8701171875
966,0.2,0.0
966,0.225,0.009765625
966,0.25,0.0234375
966,0.275,0.6259765625
966,0.3,0.8779296875
967,0.2,0.0
967,0.225,0.0
967,0.25,0.0224609375
967,0.275,0.71484375
967,0.3,0.8701171875
968,0.2,0.0
968,0.225,0.0
968,0.25,0.0
968,0.275,0.6728515625
968,0.3,0.8916015625
969,0.2,0.0009765625
969,0.225,0.0
969,0.25,0.017578125
969,0.275,0.7294921875
969,0.3,0.8701171875
970,0.2,0.0
970,0.225,0.0048828125
970,0.25,0.0048828125
970,0.275,0.6962890625
970,0.3,0.8515625
971,0.2,0.0
971,0.225,0.0009765625
971,0.25,0.0068359375
971,0.275,0.708984375
971,0.3,0.8759765625
972,0.2,0.0
972,0.225,0.0
972,0.25,0.0224609375
972,0.275,0.701171875
972,0.3,0.873046875
973,0.2,0.0
973,0.225,0.0
973,0.25,0.009765625
973,0.275,0.7001953125
973,0.3,0.826171875
974,0.2,0.0
974,0.225,0.0
974,0.25,0.0068359375
974,0.275,0.6767578125
974,0.3,0.8544921875
975,0.2,0.0
975,0.225,0.0078125
975,0.25,0.0
975,0.275,0.7373046875
975,0.3,0.8486328125
976,0.2,0.0
976,0.225,0.0
976,0.25,0.0146484375
976,0.275,0.7177734375
976,0.3,0.8583984375
977,0.2,0.0
977,0.225,0.0
977,0.25,0.0205078125
977,0.275,0.689453125
977,0.3,0.83984375
978,0.2,0.0
978,0.225,0.0
978,0.25,0.0
978,0.275,0.6689453125
978,0.3,0.90234375
979,0.2,0.0
979,0.225,0.0
979,0.25,0.0048828125
979,0.275,0.76171875
979,0.3,0.87109375
980,0.2,0.0
980,0.225,0.0
980,0.25,0.0107421875
980,0.275,0.6376953125
980,0.3,0.85546875
981,0.2,0.0
981,0.225,0.0
981,0.25,0.0244140625
981,0.275,0.7197265625
981,0.3,0.8515625
982,0.2,0.0
982,0.225,0.0078125
982,0.25,0.0087890625
982,0.275,0.6708984375
982,0.3,0.873046875
983,0.2,0.0
983,0.225,0.009765625
983,0.25,0.0107421875
983,0.275,0.6796875
983,0.3,0.8671875
984,0.2,0.0
984,0.225,0.0
984,0.25,0.01171875
984,0.275,0.6650390625
984,0.3,0.875
985,0.2,0.0
985,0.225,0.00390625
985,0.25,0.0224609375
985,0.275,0.7314453125
985,0.3,0.85546875
986,0.2,0.0
986,0.225,0.0009765625
986,0.25,0.021484375
986,0.275,0.693359375
986,0.3,0.8583984375
987,0.2,0.0
987,0.225,0.001953125
987,0.25,0.0078125
987,0.275,0.732421875
987,0.3,0.861328125
988,0.2,0.0
988,0.225,0.0
988,0.25,0.01953125
988,0.275,0.71875
988,0.3,0.880859375
989,0.2,0.0
989,0.225,0.0009765625
989,0.25,0.0478515625
989,0.275,0.6484375
989,0.3,0.86328125
990,0.2,0.00390625
990,0.225,0.0029296875
990,0.25,0.005859375
990,0.275,0.689453125
990,0.3,0.8525390625
991,0.2,0.0
991,0.225,0.0
991,0.25,0.0205078125
991,0.275,0.701171875
991,0.3,0.876953125
992,0.2,0.0
992,0.225,0.0
992,0.25,0.037109375
992,0.275,0.708984375
992,0.3,0.875
993,0.2,0.0
993,0.225,0.0
993,0.25,0.0
993,0.275,0.72265625
993,0.3,0.8671875
994,0.2,0.0
994,0.225,0.001953125
994,0.25,0.025390625
994,0.275,0.69921875
994,0.3,0.8740234375
995,0.2,0.0
995,0.225,0.0
995,0.25,0.0166015625
995,0.275,0.7001953125
995,0.3,0.8603515625
996,0.2,0.0
996,0.225,0.00390625
996,0.25,0.0078125
996,0.275,0.7041015625
996,0.3,0.8740234375
997,0.2,0.0
997,0.225,0.001953125
997,0.25,0.0341796875
997,0.275,0.72265625
997,0.3,0.8740234375
998,0.2,0.0
998,0.225,0.0
998,0.25,0.005859375
998,0.275,0.720703125
998,0.3,0.87109375
999,0.2,0.00390625
999,0.225,0.0
999,0.25,0.0
999,0.275,0.7099609375
999,0.3,0.857421875
1000,0.2,0.0
1000,0.225,0.001953125
1000,0.25,0.0107421875
1000,0.275,0.7822265625
1000,0.3,0.875
